product_id,product_name,length_in,width_in,height_in,weight_lb
1,Chocolate Sandwich Cookies,1.882,7.642,4.339,0.7363
23,Organic Turkey Burgers,2.165,7.48,5.512,1.0009
25,Salted Caramel Lean Protein & Fiber Bar,0.787,2.165,5.709,0.1124
29,Fresh Cut Golden Sweet No Salt Added Whole Kernel Corn,2.559,3.15,4.331,0.9524
34,Peanut Butter Cereal,2.949,7.098,10.0,0.5625
35,Italian Herb Porcini Mushrooms Chicken Sausage,2.362,5.906,7.874,0.7496
36,Traditional Lasagna with Meat Sauce Savory Italian Recipes,7.48,5.512,1.772,0.657
45,European Cucumber,9.843,1.969,1.969,0.6548
49,Vegetarian Grain Meat Sausages Italian - 4 CT,7.874,5.512,1.969,0.7496
54,24/7 Performance Cat Litter,18.11,11.811,4.724,20.0003
148,Nectarines,3.15,3.15,2.953,0.3086
152,"3 in 1 Soap for Every Man, Cucumber & Lemon",2.362,2.362,8.071,1.1729
162,Organic Mini Homestyle Waffles,7.874,5.906,1.772,0.5625
169,Extra Sharp Cheddar Cheese,1.079,5.61,2.201,0.5
179,Penne Rigate With Spinach,7.874,5.118,2.362,1.0009
188,Mild El Nino Salsa,3.15,3.15,3.937,1.0009
196,Soda,4.331,4.331,12.598,4.4092
254,Honey Mustard,1.921,3.118,6.748,0.75
264,Non-Fat Blueberry on the Bottom Greek Yogurt,2.559,2.559,2.756,0.3307
276,French Vanilla Ice Cream,8.071,8.071,5.512,2.9983
280,Makeup Remover Cleansing Towelettes,2.756,4.724,6.89,0.3968
311,Naturals Savory Turkey Breakfast Sausage,2.362,7.874,5.906,1.0009
325,Veggie-Style Mini Corn Dogs,2.362,7.874,5.906,1.0009
329,Organic Whole Grassmilk Milk,3.15,3.937,7.874,2.0856
340,Eco-Pac Kamut Puffs Cereal,3.15,7.48,11.024,0.3748
354,Twist n Loc Small Round Containers + Lids,3.346,7.087,9.449,0.948
365,Cheerios Cereal,2.142,7.811,11.339,0.5562
373,Honey Glazed Carrots,2.165,7.48,5.906,0.5
377,Chunky Beef with Vegetables & Brown Rice Dog Food,2.953,2.953,4.528,0.8135
397,Pure Granulated Cane Sugar,10.63,4.331,2.756,3.9904
403,Ultra Thin Pastrami,7.087,5.118,1.378,0.5004
405,100% Organic Diced Tomatoes,2.953,2.953,4.331,0.9061
432,Vanilla Almond Breeze Almond Milk,2.559,3.937,8.268,4.2329
445,Almond Honey Protein+ Bar,5.512,1.772,0.787,0.1102
481,Black Peppercorns,1.949,1.949,4.551,0.1656
486,Lowfat Raspberry Kefir Probiotic Cultured Milk Smoothie,3.15,3.15,9.449,2.1605
515,Organic Lowfat Pomegranate Acai Kefir Probiotic Cultured Milk Smoothie,2.953,2.953,9.449,2.1649
581,Garnet Sweet Potato (Yam),5.0,2.0,2.0,0.2866
651,Organic Salted Butter,5.118,3.346,2.559,1.0
663,Pico De Gallo,3.346,4.724,2.362,0.875
694,Greek & Chia Blood Orange Yogurt,2.953,2.953,2.362,0.3307
781,Organic Shredded Mild Cheddar,1.969,5.512,7.874,0.5004
790,Garbanzo Beans,3.0,3.0,4.441,0.9375
810,Organic Honey Mustard,2.362,2.756,7.087,0.5
820,Vanilla Almond Butter Squeeze,2.165,2.756,7.48,1.0009
890,Organic Diced Tomatoes,2.874,2.874,4.252,0.9063
903,Gluten Free Sugar Cones,2.953,4.724,8.268,0.1874
918,Light Brie Soft-Ripened Cheese Mini-Wheel,1.772,4.134,4.134,0.3748
928,Chunky Classic Chicken Noodle Soup,2.953,2.953,4.331,1.1244
940,Bathroom Tissue,7.874,15.354,7.874,3.3069
945,Fruit Punch Juice Drink,2.756,3.543,8.661,4.1667
979,Odor Control Home Trash Compactor Bags 18 Gallon,11.811,6.299,1.969,0.7716
1000,Apricots,2.362,5.906,9.055,0.5004
1032,Fat Free Crumbled Feta,5.906,3.937,2.362,0.375
1039,Free & Clear Unscented Refill Value Packs Baby Wipes,11.811,9.055,7.48,7.4957
1057,"Basil, Asiago & Pine Nut Pesto Ravioli",9.055,7.087,1.772,0.5622
1073,Carving Board Oven Roasted Turkey,3.937,5.906,1.969,0.5004
1090,Shells & Real Aged Cheddar Macaroni & Cheese,2.165,6.299,7.874,0.3748
1110,Broccoli Carrots Sugar Snap Peas & Water Chestnuts,1.969,7.087,9.843,1.0009
1158,Mango Chunks,5.906,7.874,2.756,1.0
1160,Pinot Grigio,3.228,3.228,11.811,1.638
1176,Garlic Texas Toast,7.48,5.118,2.362,0.3125
1181,Mini Watermelon,7.874,7.874,7.087,3.9683
1194,Natural Artisan Water,2.559,2.559,8.858,1.1729
1215,Kidz All Natural Baked Chicken Nuggets,1.969,7.48,10.236,1.0009
1216,Dairy Free Gluten Free Mushroom & Roasted Garlic Pizza,1.772,12.205,12.205,0.873
1217,"Select-A-Size Paper Towels, White, 2 Huge Rolls = 5 Regular Rolls  Towels/Napkins",5.118,10.63,10.63,3.3069
1244,Organic Orange Bell Pepper,3.346,3.346,4.331,0.3263
1263,American Cheese Slices 12 Count,0.984,3.346,6.693,0.5004
1319,100% Recycled White Unscented Bathroom Tissue,9.055,7.48,9.055,1.6976
1321,Plain Grade A  0% Fat Greek Yogurt,3.74,3.74,2.26,0.3312
1359,Organic Turmeric,1.772,1.772,4.134,0.0881
1364,Organic Vanilla Chip Chewy Granola,7.087,2.953,2.165,0.3748
1374,Organic Hass Avocado Bag,5.906,4.331,9.055,1.4991
1377,Organic Lactose Free Strawberry Yogurt,2.598,2.598,3.5,0.375
1390,Sweeper Floor Mop Starter Kit,4.724,10.63,14.173,1.9842
1408,Mini Cucumbers,7.874,5.512,2.362,1.0
1409,Dairy Free Coconut Milk Passionate Mango Yogurt Alternative,2.953,2.953,2.165,0.3307
1412,"Sauce with salt, spices and pepper Seasoning",1.772,1.772,4.331,0.2491
1433,Jumbo Lump Crab Meat,2.559,2.559,3.346,0.3748
1446,Organic Olive Oil  Spray,2.165,2.165,7.874,0.3748
1463,Organic Milk,3.15,3.543,9.449,2.1385
1468,Organic Peeled & Cooked Beets,2.756,5.512,7.48,1.0009
1509,"Nibblers, Mini-Ears of Extra Sweet Corn-on-the-Cob",1.575,7.874,6.693,0.7496
1511,2% Reduced Fat DHA Omega-3 Reduced Fat Milk,3.937,6.299,10.63,8.576
1516,Organic Acai Berry Smoothie Packs,1.969,7.874,7.087,0.8818
1529,"Parsley, Italian (Flat), New England Grown",9.843,4.724,1.969,0.0661
1541,Jumbo Grade A Eggs,12.205,7.48,2.756,1.875
1649,Pretzel Snaps Bonus Bag,3.15,7.874,11.024,1.0009
1674,Moose Tracks Ice Cream,5.906,5.906,6.693,2.9983
1689,15 Grain Whole Grain Bread,5.512,4.331,7.087,1.25
1695,Major Dickason's Blend Ground Coffee Dark Roast,5.118,3.937,7.087,0.6239
1747,Teriyaki Beef Jerky,7.087,4.724,1.181,0.1875
1749,Organic Letter of the Day Oatmeal Cinnamon Cookies,5.512,1.969,7.874,0.3748
1775,Caramel Macchiato Creamer,3.551,3.551,9.709,2.1495
1787,Thin Rice Noodles,1.969,4.724,7.874,0.5004
1819,All Natural No Stir Creamy Almond Butter,3.15,3.15,4.331,1.0009
1824,"Frozen Desserts, Cookies and Cream",5.906,7.48,6.299,2.9983
1830,Organic Almond Extract,1.575,1.575,3.937,0.1301
1831,Peach-Pear Sparkling Water,8.071,10.827,5.512,9.3917
1849,Ultra Fine Mist Aerosol Hairspray,2.559,2.559,9.449,0.7496
1935,Whole Wheat Cookies Dark Chocolate,6.693,2.559,9.449,0.5622
1938,Beef Stew Meat,7.874,5.906,1.969,1.0009
1939,Geranium Liquid Dish Soap,11.201,4.5,2.701,2.5353
1940,Organic 2% Reduced Fat Milk,3.346,3.346,10.433,4.2329
1946,Natural Brown Cone Style Coffee Filters #4,1.969,5.906,9.843,0.1984
1957,Fabric Softener Dryer Sheet Outdoor Fresh 160CT Fabric Enhancers,5.512,3.543,9.449,0.7055
1958,Green Pepper Sauce,2.0,2.0,7.13,0.3131
1999,Organic Chicken Broth,2.953,2.953,7.087,2.0856
2002,"The \""World's Best\"" Veggie Burger",1.969,6.693,9.449,0.7496
2010,Thirsty Ultra Big Roll towel White Vsa,10.63,4.528,4.528,0.9921
2012,Smart Ones Classic Favorites Chicken Enchiladas Suiza,7.48,1.772,5.118,0.5622
2014,Low Fat Kefir Cultured Milk Smoothie Lowfat Probiotic Blueberry,3.15,3.15,9.449,2.2046
2015,Traditional 98% Fat Free,2.953,2.953,4.409,0.937
2038,Green Tea with Ginseng and Honey,2.748,2.748,7.252,1.4375
2043,Organic Cookies 'n Cream Ice Cream,6.496,4.134,6.299,2.9983
2063,Fresh Ciliegine Mozzarella Cheese,3.937,3.937,2.756,0.5004
2099,Natural Cane Turbinado Sugar,9.449,6.299,2.756,1.5
2103,ProteinPLUS Multigrain Penne Pasta,2.756,5.118,7.48,0.7496
2110,Green Bananas,7.087,1.575,1.575,0.2778
2116,Organic Maple & Onion Baked Beans,2.953,2.953,4.331,0.937
2120,Sauvignon Blanc,3.15,3.15,11.811,1.6535
2121,Cheese Food Alternative American Flavor Slices,1.181,5.512,2.756,0.5004
2228,Organic Frozen Mango Chunks,7.48,5.512,1.969,1.0
2229,Uncrustables Peanut Butter & Strawberry Spread Sandwich,7.48,4.724,2.362,0.4982
2238,Vitamin C Super Orange Dietary Supplement,5.512,3.15,2.362,0.5247
2240,Eggo Nutri-Grain Blueberry Waffles,2.205,7.52,10.0,0.6239
2263,"Arrabbiata Sauce, Hot",2.362,3.268,6.89,1.4991
2295,Yellow Bell Pepper,3.937,3.346,5.118,0.3263
2314,Whole Milk Ricotta Cheese,4.724,3.937,7.087,2.0
2326,Organic Blueberry Waffles,1.772,7.48,5.512,0.5622
2327,Gourmet Naturals Classic Butter & Sea Salt Microwave Popcorn,4.331,7.874,5.906,0.5622
2332,Low Carb Whole Wheat Large Tortillas,2.756,7.874,9.843,0.7496
2349,Pull Ups Girls Learning Designs Training Pants,9.843,7.087,11.024,2.6455
2361,Mint Chip,4.016,4.016,4.921,1.0428
2380,Cayenne Pepper,1.748,1.748,4.299,0.1094
2389,Breakfast Hot & Spicy Sausage Patties,7.874,5.906,1.969,0.4982
2390,Pita Crisps Simply Naked,9.055,7.087,3.15,0.3748
2426,Roasted Green Chile & Jack Cheese Tamales,2.362,7.087,4.331,1.0009
2447,3 lb Clementines,7.874,7.874,5.906,3.0005
2450,Taco Seasoning,1.496,1.969,5.315,0.0625
2452,Naturals Chicken Nuggets,2.756,7.874,9.843,1.0009
2480,Organic 85% Cacao Dark Chocolate Bar,0.472,3.15,6.299,0.2205
2481,Natural Deli Style Sliced Swiss Cheese,2.756,5.906,1.575,0.5004
2512,99% Fat Free Chicken Broth,2.559,2.559,7.48,2.0856
2536,Ultra Plush 3 ply Toilet Paper 12 Double Rolls,14.961,10.236,9.055,4.8502
2545,Gluten Free Chocolate Chunk Cookie Dough,5.906,4.724,2.362,0.8752
2559,Crisp Apple Sparkling Water,2.598,2.598,8.071,1.1089
2575,"Delights Chicken Sausage, Egg Whites, & Cheese English Muffin",2.756,5.512,7.874,0.5622
2588,Wild Wonders Medley Tomato,5.906,3.937,1.969,0.6239
2593,Organic Evaporated Milk,4.331,2.953,2.953,0.7496
2596,Lemon Cake Ice Cream,4.016,4.016,5.0,0.8818
2655,Speed Stick Ocean Surf Deodorant,1.89,1.89,4.724,0.1874
2669,Roasted Dandelion Spice Detox Tea,2.165,3.15,5.315,0.0992
2698,Hazelnut K Cups,3.346,5.315,5.512,0.2425
2707,Complete™ ActionPacs™ Fresh Scent Dishwasher Detergent,2.953,7.087,9.449,0.6614
2732,Gluten Free Pretzel Sticks,7.874,3.15,11.811,0.5
2748,Organic Reduced Fat Omega-3 Milk,3.937,3.937,9.449,4.277
2763,Uncured Hickory Smoked Bacon,9.843,7.087,1.575,0.75
2805,Soy Chocolate Pudding,3.937,5.906,2.165,1.0009
2809,Vegan Oatmeal Chocolate Chip Cookies,2.756,7.087,9.449,0.3748
2825,Organic Original Hommus,4.724,4.724,1.969,0.6173
2846,Organic Green Onions,1.575,3.937,11.024,0.2491
2855,Organic Good Seed Bread,3.937,6.693,11.024,3.0
2934,Butternut Squash and Sage Ravioli,2.165,7.087,9.843,0.5625
2941,Broccoli Salad,4.016,5.984,2.992,1.0009
2962,"Milk, Reduced Fat, 2% Milkfat",4.016,6.496,11.496,8.5319
2966,Pure Coconut Water,2.992,2.992,10.0,2.2708
2969,Gluten Free Plain Tortillas,2.756,7.48,9.449,0.7496
3020,Broccoli & Apple Stage 2 Baby Food,2.362,1.378,5.906,0.1984
3042,S. Pellegrino Sparkling Natural Mineral Water,3.425,3.425,12.598,2.2046
3050,Cut Crystal 7 inch Plastic Plates,7.48,7.48,3.937,0.6614
3066,Organic Balance Milk Protein Shake Dark Chocolate,2.559,2.559,7.48,0.7915
3177,Thick Spaghetti Pasta,2.756,3.15,11.024,1.0009
3207,Simply 100 Crunch Strawberry Chocolate Truffle Non-Fat Greek Yogurt,2.362,3.15,2.362,0.3131
3211,Synergy Organic & Raw Green Chia Kombucha,2.559,2.559,8.465,1.0803
3212,"Vinegar, Red Wine",2.559,2.559,10.63,1.6535
3243,Red Onions,3.346,3.346,2.756,0.3263
3259,Montreal Steak Seasoning,2.756,2.756,5.512,0.1874
3260,Chips Ahoy!/Nutter Butter/Oreo Cookies,2.756,7.48,1.969,0.8113
3262,French Style Fresh Cut Green Beans,2.638,2.638,4.409,0.9061
3274,Black Tea Pyramids,2.756,3.15,5.906,0.1323
3295,Organic Mother's Milk Herbal Tea,2.362,2.953,4.528,0.0705
3298,Mozzarella String Cheese,5.906,2.756,9.055,0.75
3308,Original English Muffins,3.937,7.087,7.087,0.75
3318,Cinnamon Swirl Raisin Bread,4.724,3.543,8.268,1.0
3323,Classic Catalina Dressing & Dip,2.756,2.559,8.465,1.0428
3332,Matzo Ball & Soup Mix,2.165,5.118,7.48,0.7496
3376,Organic Whole Kernel Sweet Corn No Salt Added,2.953,2.953,4.331,0.937
3382,Organic Eggplant,7.874,3.937,3.937,0.9921
3390,Papaya,9.843,5.906,5.906,1.5432
3397,Organic Lightly Salted Sea Salt Thin & Crispy Restaurant Style Tortilla Chips,3.15,7.874,11.811,0.6239
3431,Squeezed Lemonade,2.756,2.756,9.843,1.1729
3434,Coffee Mate Natural Bliss Sweet Creme Coffee Creamer,2.559,2.559,7.48,2.0856
3464,"Organic Butterhead (Boston, Butter, Bibb) Lettuce",7.087,7.087,5.906,0.3307
3481,Pineapple,5.118,5.118,11.811,1.9842
3579,Home Style Beefless Tips,8.661,5.906,1.575,0.5004
3599,Baked Aged White Cheddar Rice and Corn Puffs,2.362,7.087,9.055,0.3131
3627,Organic Baby Corn Pieces,2.756,2.756,4.331,0.937
3631,Organic Whole Milk French Vanilla Yogurt,4.559,4.559,5.35,2.0
3634,Krinkle Cut Classic Barbecue Potato Chips,3.15,7.087,11.417,0.5004
3661,S'mores Luna Bar,0.984,2.362,5.709,0.1058
3693,Cheese Cracker Sandwiches,7.874,5.512,1.969,0.5004
3696,Original Baked Snack Crackers,2.559,7.677,10.236,0.5004
3703,"Plates, 10-1/16 Inch",10.157,10.157,3.937,1.9842
3711,Aranciata Sparkling Orange Beverage,2.559,2.559,8.858,1.1684
3732,Grape 100% Juice,2.756,3.543,10.236,2.2487
3754,Gimbi Pink Grapefruit,2.559,2.559,9.449,2.3369
3773,Organic Ginger Juice,2.362,2.362,7.087,0.8223
3800,Hampshire 100% Natural Sour Cream,3.937,3.937,3.346,1.0009
3807,Chocolate Peanut Butter Non Dairy Frozen Dessert,3.937,3.937,4.724,1.0428
3835,"Coconut Water, Pure Organic",2.756,2.756,9.055,2.2267
3843,Organic Brussels Sprouts,3.15,7.874,10.63,1.0009
3855,White Hot Dog Rolls,3.15,7.48,7.087,0.7496
3861,Fresh Mushroom  Pasta Sauce,2.756,3.346,7.087,1.4991
3869,Organic Sweet Relish,2.559,2.559,5.118,0.8157
3873,Mountain Spring Water,8.268,2.756,2.756,3.3069
3880,Corn Maize Tortillas,9.449,7.874,1.772,0.7496
3896,Organic Honey Sweet Whole Wheat Bread,4.724,7.087,11.811,1.4991
3919,Hearty Grains 100% Whole Wheat English Muffins,7.48,5.512,3.15,0.7496
3952,Organic Broccoli Crowns,9.843,5.906,3.15,1.0009
3957,100% Raw Coconut Water,2.559,2.559,7.087,1.0913
3990,Natural Sharp Cheddar Sliced Cheese,1.496,5.906,7.48,0.5004
3996,Diced Pears In Light Syrup Fruit Cups,6.102,4.134,2.559,0.9965
3999,Bosc Pear,2.953,2.756,4.724,0.366
4004,Whole Water Chestnuts,2.638,2.638,4.528,0.5004
4006,Hazelnut Spread With Skim Milk & Cocoa,3.268,4.882,7.087,1.6557
4025,SPF 30 Brush-On Sun Defense,1.102,1.102,5.709,0.0265
4037,Blackberry Preserves,3.311,3.311,3.748,0.8125
4058,Mild Fire Roasted Diced Green Chiles,2.283,2.283,4.528,0.28
4066,Organic Red Heirloom Pasta Sauce,2.953,2.953,6.89,1.5939
4071,Organic Lemongrass Ginger Ramen,5.315,1.772,7.283,0.1874
4086,Mint,1.969,4.724,9.843,0.0617
4091,Kosher Whole Dill Pickles,3.346,3.346,6.102,1.9996
4097,Whole Grain Loaf,7.874,4.331,4.331,1.25
4132,100% Grapeseed Oil,2.362,2.362,10.236,1.0251
4136,Living Herbs Potted Living Basil,5.906,5.906,11.811,0.2646
4138,Arancita Rossa,2.953,2.953,11.417,1.7196
4142,Trilogy Kombucha,2.559,2.559,8.858,1.1023
4149,Frozen Organic Blueberries,7.874,5.512,1.575,0.7496
4163,Spanish Rice Pilaf Mix,7.48,5.512,1.772,0.4321
4193,"Ravioli, Spinach & Cheese",3.15,7.087,9.449,1.25
4210,Whole Milk,3.748,3.748,9.209,3.9022
4217,Dutch Cocoa Flavor Crunchy Nuggets,5.984,4.016,2.008,0.7496
4256,Skinny Natural Whipped Topping,5.906,5.906,3.346,0.5004
4274,Vegan Cheddar Style Cheese Slices,7.087,5.512,1.575,0.5004
4297,Cool Mint Chocolate,5.709,2.165,0.984,0.1565
4302,Artichoke Hearts,5.512,7.874,1.772,0.75
4317,Solid White Albacore Tuna In Water,3.358,3.358,1.339,0.3125
4357,Organic Chocolate Almondmilk Pudding,5.906,3.937,1.969,0.8752
4367,Garlic & Fine Herbs Gournay Cheese,2.756,2.756,1.969,0.3307
4377,Bag of Oranges,9.843,7.874,7.874,3.9683
4406,Delhi Saag,2.953,2.953,4.134,0.6239
4421,Organic Beef Uncured Hot Dogs,2.559,5.512,9.055,0.7496
4443,House Blend Medium Dark Roast Ground Coffee,3.15,3.937,7.087,0.7496
4461,Organic Raw Unfiltered Apple Cider Vinegar,2.559,2.559,9.055,1.0538
4477,Samosa - 4 CT,5.512,4.134,1.969,0.7496
4487,Vegetarian Organic Golden Corn,2.953,2.953,4.528,0.9524
4493,Italian Sparkling Pomegranate And Orange Soda,5.512,5.512,6.693,2.9101
4557,Mango Peach Salsa,7.874,5.906,2.362,1.0
4565,Baked Snack Crackers Original,7.087,2.756,9.843,0.5622
4584,Deli Deluxe American Cheese Product,2.953,6.102,2.165,0.9987
4588,Oral B Glide Cool Mint Deep Clean Floss,1.181,2.559,4.921,0.0882
4595,Italian Dry Salame,0.5,5.5,9.252,0.25
4605,Yellow Onions,3.543,3.543,3.15,0.3263
4656,Raspberry Preserves,3.299,3.299,3.902,0.8125
4658,Imported Mineral Water,2.756,2.756,9.843,1.2125
4671,Red Cabbage,5.906,5.906,5.906,1.9842
4724,Broccoli Florettes,2.362,6.299,9.449,0.75
4765,"Salami, Italian Dry",8.661,3.15,1.969,0.8125
4776,Sparkling Mountain Spring Water Watermelon Lime,10.63,7.087,5.512,4.6936
4799,Shredded Parmesan,7.087,5.118,1.575,0.375
4809,Greek Whole Milk Blended Blueberry Yogurt,2.953,2.953,2.362,0.3307
4846,Weight Watchers Three Cheese Ziti Marinara,7.48,5.512,1.575,0.5622
4847,Organic Low-Fat Medium Black Bean Chili,2.953,2.953,4.331,0.937
4853,Broccoli Rabe,11.811,5.906,3.15,1.0009
4889,Mini Peeled Carrots,7.874,5.906,1.969,1.0009
4895,Orange Mango Sparkling Water,7.874,10.63,5.512,9.3696
4897,Facial Tissue Cube,4.724,4.724,4.724,0.5512
4916,Disney Frozen Berry Cherry Raspberry Ice Pops,1.969,6.299,9.449,1.0428
4920,Seedless Red Grapes,4.724,7.874,3.937,1.9996
4927,Organic Mint Dark Chocolate Bar,6.299,3.15,0.472,0.2183
4932,Vanilla Bean Ice Cream,3.937,3.937,3.15,1.0428
4938,Steak Strips,7.874,5.906,1.969,0.75
4942,Vanilla Almond Breeze,3.543,2.362,9.055,4.2108
4952,Unsweet Peach Water,2.559,2.559,8.465,1.1023
4957,Total 2% Lowfat Greek Strained Yogurt With Blueberry,2.953,2.953,2.362,0.3307
4960,Three Cheese Mini Pizza Bagels Frozen Snacks,7.874,1.969,5.906,0.5622
4966,37% Less Sodium Soy Sauce,2.756,1.969,7.874,0.9766
4978,Pull-Ups Training Pants Learning Designs,9.449,7.087,4.724,1.5432
4983,Sweets Medley Sea Salt Sweet Potato Chips,3.15,7.087,11.024,0.5004
4987,"Hint of Mint, Rich Chocolate with a Splash of Mint Fit Frozen Dessert",3.937,6.496,6.496,2.9983
4988,Light Cranberry & Raspberry Juice Drink,2.756,3.543,10.236,4.1888
4995,Bottled Imported Premium Light Lager Beer,2.598,2.598,9.252,0.7826
5015,Organic Cottage Cheese Classic,4.331,4.331,3.15,1.0009
5022,Apricot,1.772,1.772,1.772,0.0772
5025,Green Onions,11.811,1.969,1.969,0.2491
5028,Strawberry Twizzlers,7.087,1.969,9.449,0.3109
5067,Original Syrup,2.559,2.559,8.268,1.5653
5072,Dark Chocolate Raspberry Ice Cream Bars,7.874,5.512,1.969,0.7496
5077,100% Whole Wheat Bread,11.417,5.512,4.724,1.5
5098,Golden Brown Pure Cane Sugar,9.449,5.512,3.15,3.9992
5101,Lean Sweet Italian Turkey Sausage,7.874,5.512,1.969,1.0009
5134,Organic Thompson Seedless Raisins,2.756,5.118,8.661,1.0
5161,Dried Mango,7.874,5.512,1.969,0.5004
5182,"Flour, TigerNut",3.15,1.969,8.661,1.0009
5194,Organic Bunny Fruit Snacks Berry Patch,1.969,3.937,5.906,0.3131
5212,Watermelon Chunks,3.937,6.299,2.559,1.0
5240,Spaghetti  No 12,1.402,11.0,3.201,1.0
5250,Blueberry Muffin Bar,5.512,1.969,0.984,0.1124
5258,Sparkling Water,8.071,6.102,5.315,9.3917
5259,Condensed Chicken Noodle Soup,4.134,4.134,5.906,1.625
5268,Bagel Bites Three Cheese Mini Bagel Pizzas,7.874,1.969,5.906,0.5622
5282,Medium Jalfrezi Curry Indian Simmer Sauce,2.362,3.15,6.693,0.8818
5296,Roasted Salted Almonds,2.598,6.402,8.598,1.0
5322,Gluten Free Dark Chocolate Chunk Chewy with a Crunch Granola Bars,1.969,7.087,9.055,0.4365
5334,Blue Eucalyptus & Lavender Natural Laundry Detergent,4.331,2.756,10.63,3.4172
5337,Monterey Jack Cheese,2.362,5.118,7.874,0.5
5353,Two Organic Cornmeal Pizza Crusts,1.969,9.843,9.843,0.9921
5373,Organic No Salt Added Diced Tomatoes,2.638,2.638,4.331,0.9061
5383,Organic Capellini,1.969,5.512,9.449,1.0009
5390,Boneless Beef Chuck Roast,3.543,7.087,2.362,1.9996
5438,Prosciutto,5.906,3.937,1.181,0.1874
5449,Margherita Pizza,11.811,11.811,1.969,1.1875
5450,Small Hass Avocado,3.543,2.756,2.756,0.2646
5451,Organic Zucchini Spirals,7.874,5.906,1.969,0.6239
5456,Green Tea With Ginseng and Honey,2.559,2.559,7.874,1.0538
5460,Butter,4.331,2.362,1.378,1.0009
5463,Original Oat Bar,0.591,1.969,3.15,0.0816
5471,Cheddar Holiday Promo Brats,9.449,6.299,1.969,1.1883
5474,"Crackers, Puffed, Lightly Salted Corn",1.969,7.874,5.906,0.2491
5479,Italian Sparkling Mineral Water,3.15,3.15,12.598,2.2156
5484,Hibiscus Mint Frozen Pops,1.969,7.874,5.512,0.7826
5488,With Pineapple Pulp Free Orange Juice,2.953,2.953,9.252,3.5274
5493,Organic Whole Grain Mustard,2.165,2.559,5.512,0.5
5547,Roasted Sesame Seaweed Snacks,1.969,5.118,7.874,0.0375
5575,Cheddar Puffs,3.15,7.087,11.024,0.2491
5581,Anejo Tequila,3.15,3.15,10.63,1.6535
5586,Original Glass Cleaner,3.937,2.362,10.63,2.0635
5612,Reduced Fat Milk,4.098,4.098,9.402,4.31
5618,Cauliflower,4.724,4.724,7.087,1.3095
5621,Sea Salt Fine Crystals,2.362,3.15,7.874,1.6248
5646,Organic Turkey Bacon,1.575,5.906,9.055,0.5
5652,Organic Red Potatoes,2.953,2.953,2.362,0.3263
5693,Kit's Organic Cashew Fruit & Nut Bar,1.181,2.953,5.906,0.0772
5699,Gluten Free Mushroom Risotto Bowl,2.165,5.709,7.48,0.6239
5748,Free and Gentle High Efficiency Liquid Laundry Detergent,3.15,4.724,10.63,4.1888
5764,Organic SprouTofu Teriyaki Tofu Cutlets,1.575,6.299,8.661,0.6239
5769,Organic Chicken Stock,2.402,3.579,7.811,2.0856
5770,97% Fat Free Beef Franks,3.15,7.48,1.969,0.5886
5776,Lubricant Eye Drops,1.378,2.165,4.921,0.0397
5782,Grade A Large White Eggs,9.449,4.134,2.559,1.5
5784,Piquillo Roasted Peppers,2.953,2.953,4.724,0.7496
5785,Organic Reduced Fat 2% Milk,3.937,6.299,10.63,8.6642
5794,House Blend Deep Roast Ground Coffee,2.362,3.15,9.055,0.7496
5808,Turkey Pastrami,7.087,5.512,1.969,1.25
5818,White Onion,2.953,2.953,3.15,0.3263
5819,Baby Carrots,2.756,5.906,9.055,1.0
5912,Organic Tarragon,4.724,3.15,1.181,0.0309
5932,All Natural Extra Fancy Pine Nuts,7.087,4.331,1.575,0.2491
5951,Living Butter Lettuce,5.906,5.906,3.937,0.4409
5985,Red Bell Peppers,7.087,5.906,3.15,1.4991
5991,Bok Choy,3.937,7.087,9.843,1.0009
6000,Organic Baby Romaine,7.874,5.512,2.362,0.3125
6025,Spring Roll Wrappers,7.874,5.906,1.181,0.5004
6029,Damage Therapy Intensive Repair Shampoo,2.756,2.165,9.055,0.8157
6046,Boneless Skinless Chicken Breast,9.843,7.087,2.362,2.5
6069,Maple Pumpkin Seeds with Sea Salt Chewy with a Crunch Granola Bars,7.874,5.906,1.969,0.388
6111,Mediterranee Strawberry Yogurt,2.598,2.598,3.5,0.375
6128,Original Fresh Stack Crackers,2.953,7.48,9.055,0.8576
6167,Green Apple Sparkling Soda,2.598,2.598,8.465,1.3029
6182,Natural Artesian Bottled Water,2.756,2.756,9.843,1.3029
6184,Clementines,9.843,7.087,3.937,3.0005
6187,Raisin Bran Cereal,2.598,7.65,11.402,1.1688
6224,Simply Clean Fragrance Free Wipes,7.874,4.331,2.756,1.1464
6361,Soft Potato Bread,9.449,4.724,5.118,1.5
6366,Ultra Plush® 3 Ply Double Toilet Paper Rolls,10.63,10.63,9.843,1.9842
6377,Raspberry Chocolate Chip Gelato,3.937,3.937,4.331,1.0428
6454,Whole Wheat Bread Loaf,5.118,4.724,5.906,1.25
6473,Bag of Lemons,8.661,7.087,5.118,2.9983
6474,Organic Sparkling Cider,3.346,3.346,12.205,1.6535
6475,Limonata Sparkling Lemon Beverage,2.559,2.559,9.055,0.7275
6510,Milk Chocolate,0.591,3.15,6.299,0.2205
6532,Organic YoKids Very Berry Smoothies,5.512,2.756,6.299,0.7804
6541,Organic Baby Food Banana Beet & Blueberry,1.772,2.559,4.921,0.1984
6550,Fridge and Freezer Baking Soda Pack,3.543,1.969,6.693,1.9996
6631,No Pulp Calcium & Vitamin D Pure Orange Juice,2.953,3.937,9.843,3.3951
6638,Organic Brown Rice Crisps Cereal,7.874,6.299,2.362,0.7496
6656,Organic California Style Sprouted Bread,5.512,4.331,7.087,1.4991
6663,Pompelmo Sparkling Grapefruit Beverage,3.346,3.346,12.598,2.2046
6669,Breakfast Scramble Wrap,7.087,5.118,1.575,0.5004
6692,Lightly Seasoned Chick'n Scallopini,2.362,7.48,9.449,0.6239
6718,Fire Roasted Veggie Crackers,2.756,7.087,11.417,0.3109
6729,Cookie Tray,9.843,7.087,2.362,1.0009
6734,Black And White Cold Brew Coffee With Almondmilk,2.559,2.559,7.48,0.7826
6757,Beer Lager,5.315,8.071,5.709,4.7399
6758,Hearts Of Palm,2.953,2.953,4.921,0.875
6760,Organic Iced Green Tea,3.74,3.74,9.646,4.1733
6774,Brown Fertile Large Grade AA Eggs,11.811,4.134,2.756,1.3228
6808,Organic Spinach & Cheese Tortellini,1.969,6.299,8.661,0.7496
6822,Organic Iced Black Coffee,2.362,2.362,7.087,0.7826
6825,Breakfast Veggie Bacon Strips,7.874,5.906,1.575,0.3439
6972,Mayo Made With Avocado Oil,2.953,2.953,7.874,1.4991
6992,Cherries,2.638,2.638,4.409,0.937
7018,"Pasta Sauce, Vodka Sauce",3.319,3.319,6.748,1.5
7021,Organic Tomato Paste,2.638,2.638,2.953,0.375
7043,Wheat Hot Dog Buns,8.661,5.906,3.15,0.75
7054,Low Fat Plain Yogurt,3.74,3.74,7.874,2.0
7058,Vidalia Onions,3.346,3.346,3.74,0.7496
7076,Grain Free Chicken Formula Cat Food,9.449,7.087,2.756,2.9983
7088,Organic Cheddar Bunnies,7.874,3.15,11.024,0.7031
7090,Ciabatta,8.661,4.724,3.543,1.25
7156,Traditional Plain Greek Yogurt,4.598,4.598,4.5,1.5
7175,Organic Whipped Naturally Buttery Spread,5.906,3.937,1.969,0.937
7206,Cilantro Avocado Yogurt Dressing,2.165,2.559,8.661,1.0009
7252,Deep Green Blends Kale,3.15,9.055,11.811,0.3131
7269,Pink Grapefruit Foaming Scrub,2.165,2.953,7.48,0.4564
7295,Pop-Tarts Frosted Brown Sugar Cinnamon Toaster Pastries,2.165,7.677,10.827,0.8466
7349,"Bread, Sliced, Extra Sourdough",4.331,7.087,5.512,1.4991
7350,Natural Lime Flavor Sparkling Mineral Water,2.559,2.559,10.63,1.1729
7358,Verde Salsa,2.756,2.756,7.874,1.0
7361,Herb Crackers,2.756,7.48,11.417,0.5
7365,Organic Bake at Home French Bread,3.937,11.811,3.937,0.7496
7371,Chocolate Chip Cookie Dough Bar,2.756,5.512,8.268,1.2
7401,Raw Chocolate Cacao Nibs,1.575,5.906,8.661,0.5004
7413,Chocolate Peppermint Stick Bar,0.787,2.756,5.512,0.0882
7500,Organic Vanilla Extract,2.008,2.008,5.984,0.2601
7508,Organic Decaf Black Tea,2.992,2.992,5.236,0.0882
7521,New Orleans Iced Coffee,2.992,2.992,7.52,1.1023
7530,Stir Fry Mix,7.874,5.906,1.575,1.0009
7533,Low-Fat Strawberry Banana on the Bottom Greek Yogurt,2.953,2.953,2.362,0.3307
7546,Original Pork Links Sausage,7.874,5.906,1.969,0.7496
7559,Cinnamon Rolls with Icing,8.661,6.299,1.969,0.7738
7567,White Meat Chicken Taquitos,2.559,10.63,7.48,1.25
7588,Clean Linen Concentrated Bleach,4.724,5.512,12.205,5.2911
7600,Mild Chunky Salsa,2.992,4.016,7.008,1.5
7628,"Dressing, Jersey Sweet Onion, Calorie Free",2.165,2.756,8.071,1.0428
7644,Scoops! Tortilla Chips,3.15,7.874,11.811,0.6239
7673,Organic SprouTofu Super Firm Tofu,4.724,3.15,1.575,0.8752
7681,"Master Brew Kombucha, Tart Cherry",2.756,2.756,9.055,1.0428
7693,Cran-Raspberry Flavored Sparkling Water,3.346,3.346,12.402,2.2046
7704,Liquid Aminos All Purpose Seasoning,2.756,2.756,9.843,1.1111
7736,Premium Original Saltine Crackers,5.984,2.52,8.504,0.5
7751,Tomato Ketchup,2.811,4.0,7.748,2.0
7781,Organic Sticks Low Moisture Part Skim Mozzarella String Cheese,2.756,6.299,8.661,0.7408
7819,"Artichoke Hearts, Quartered",2.756,2.756,6.693,0.875
7838,Seasoned Curly Fries,2.756,7.874,10.63,1.5
7862,Raw Shrimp,1.969,6.299,9.055,1.0
7877,Chicken Thighs,7.48,5.512,1.969,0.875
7916,Grilled Chicken Breast,5.906,3.937,1.575,0.5
7948,Organic Unsalted Butter,4.724,2.953,2.362,1.0009
7950,Classic Cake Mix,7.48,1.969,5.118,0.9524
7952,Chicken & Apple Breakfast Sausage,7.874,5.512,1.575,0.9375
7963,Gluten Free Whole Grain Bread,9.055,4.331,3.15,0.75
7987,Hazelnut Spread with Cocoa,3.051,3.051,4.0,0.8125
7989,Creamy Root Beer Natural Cane Soda,2.559,2.559,8.071,0.8135
8048,Packaged Grape Tomatoes,2.362,4.724,1.969,0.6239
8053,Organic Pineapple Chunks,1.969,5.118,7.087,0.625
8059,"Peanut Butter, Old Fashioned, Unsalted, Smooth",2.756,2.756,5.118,1.0009
8061,Pineapple Yogurt 2%,2.953,2.953,5.906,1.9996
8070,All Natural Black Forest Ham,1.181,5.512,7.874,0.5004
8079,Premium Lots of Pulp Orange Juice,3.543,3.543,10.63,4.2329
8087,Florida Orange Juice With Calcium & Vitamin D,3.543,3.543,10.63,4.2329
8174,Organic Navel Orange,3.937,3.15,3.15,0.3395
8193,Russet Potato,3.937,2.756,2.362,0.3263
8195,Paper Towels,4.528,4.528,10.63,1.433
8203,Ground Ginger,1.748,1.748,4.299,0.0937
8204,Traditional Favorites Tomato & Basil Pasta Sauce,3.543,2.953,6.693,1.4991
8224,Chicken Bouillon Cubes,2.661,2.661,3.24,0.2031
8239,Peanut Butter Creamy With Salt,3.346,3.346,4.331,1.0009
8257,Mocha Nitro Cold Brew Coffee With Almond Milk,2.598,2.598,5.827,0.5004
8277,Apple Honeycrisp Organic,3.346,3.346,3.268,0.5335
8309,Nonfat Icelandic Style Strawberry Yogurt,2.598,2.598,3.5,0.375
8385,Sliced Genoa Salami,1.181,5.512,7.874,0.5004
8390,Diet Ginger Ale,2.638,2.638,8.071,1.3029
8409,Advance White Fluoride Anticavity Tartar Control Extreme Whitening Fresh Mint Flavor Toothpaste,1.575,1.969,7.48,0.3748
8424,Broccoli Crown,5.906,4.724,3.937,0.6614
8442,Caffeine Free Peach DeTox Tea,2.756,2.165,4.724,0.0882
8448,Arrabiata Pasta Sauce,3.272,3.272,6.63,1.5
8459,Lemon Lift Black Tea,2.756,2.165,4.724,0.0882
8467,Cinnamon Raisin Bread,3.15,4.724,7.48,1.0
8479,Original Black Box Tablewater Cracker,2.165,7.48,10.63,0.5622
8512,Whole Young Chicken,7.874,11.024,5.906,3.9992
8518,Organic Red Onion,3.15,3.15,3.937,0.3263
8519,Cool Mint Antiseptic Mouthwash,3.15,3.15,10.63,2.2267
8529,Organic Jalapeno Crackers,2.362,7.48,5.118,0.28
8571,Baby Cucumbers,1.969,5.906,7.874,0.5
8594,Organic Country Style Barbeque Potato Chips,3.15,5.906,9.055,0.3131
8637,Diet Pepsi,2.598,2.598,4.803,0.7826
8638,Vanilla Milk Chocolate Almond Ice Cream Bars,2.362,7.48,5.512,0.8995
8654,Pasta Joy Ready Organic Brown Rice Pasta Penne,2.362,7.087,11.024,0.7496
8670,Diced Tomatoes,2.638,2.638,4.331,0.9063
8671,Semi-Sweet Chocolate Premium Baking Chips,2.362,3.543,7.087,0.7496
8684,Brown'N Serve Sausage Links Lite Original - 10 CT,7.874,5.512,1.575,0.4674
8710,Dairy Free Coconut Milk Blueberry Yogurt Alternative,3.15,3.15,2.362,0.3307
8723,Creamy Chocolate Frosting,4.724,4.724,3.15,1.0009
8732,Dipps Chocolatey Covered Chocolate Chip Granola Bars,2.165,5.709,7.677,0.4497
8736,Synergy Organic & Raw Cosmic Cranberry,2.756,2.756,7.48,1.0538
8744,Mixed Vegetables,7.48,5.906,1.969,0.9375
8763,Grilling Spray,2.165,2.165,9.055,0.3748
8769,Mandarins in Orange Gel Fruit Bowls,5.906,3.937,2.165,0.873
8792,90% Less Fat Organic Powdered Peanut Butter,2.756,2.756,5.315,0.7496
8843,Milk Chocolate Covered Raisins,2.165,5.512,8.268,0.8818
8852,Mandarin Lime Soda,3.346,3.346,11.811,4.4092
8859,Natural Spring Water,3.346,3.346,12.205,3.3069
8871,"Quinoa Puffs, Aged Cheddar",2.362,5.906,9.055,0.2491
8903,Semi-Sweet Mini Chocolate Chips,2.165,4.921,7.087,0.75
8940,Organic Pizza Snack Mix Crackers,2.362,5.906,8.661,0.3748
8950,Special K Double Chocolate Protein Meal Bar,1.772,5.906,7.874,0.3307
8953,Key Limes,3.937,7.087,2.756,1.0
8955,Basil,1.969,3.937,7.874,0.0617
8968,Tangerine Juice,3.15,3.15,9.449,2.2487
9007,Frosted Flakes,2.953,7.48,11.614,0.9375
9018,All Natural Virgin Lemonade,2.953,3.543,10.63,3.3731
9060,Organic Roasted Red Pepper & Tomato Bisque,2.559,3.74,6.496,2.1495
9076,Blueberries,6.299,2.165,8.661,0.7496
9092,Organic Vegetable Broth,2.756,2.362,7.874,2.1341
9094,Organic Fruit Spread Apricot,3.937,3.937,5.512,1.7505
9124,Broccoli & Cheddar Bake Meal Bowl,7.48,5.906,1.772,0.6261
9133,Original Long Grain & Wild Rice Mix,7.087,1.969,5.118,0.4299
9138,Lemon Italian Sparkling Mineral Water,3.15,3.15,12.205,2.2267
9175,Diet Coke Caffeine Free Soda,6.496,8.858,5.709,5.4234
9199,Original Corn Chips,9.449,7.087,3.15,0.5781
9200,Organic Corn,7.874,2.362,2.362,0.3307
9225,Selects Turkey Hot Dogs,8.268,5.906,1.969,1.0009
9273,Szechuan Spicy Stir Fry Sauce,2.165,2.756,8.661,1.0428
9290,Country Cheddar Bowl,7.087,5.512,1.772,0.6239
9296,Half & Half Iced Tea & Lemonade,2.953,2.953,9.449,1.1875
9324,Organic Apricots,1.772,4.724,7.087,0.11
9327,Garlic Powder,1.496,2.165,4.921,0.195
9337,Purity Farms Ghee Clarified Butter,3.346,3.346,5.118,1.0009
9339,Organic Chicken & Apple Sausage,1.969,5.906,7.874,0.7496
9340,Homestyle Classics Meatloaf,1.496,6.693,5.118,0.6239
9346,"Organic Apple Cider Vinegar Drink, Concord Grape-Acai",2.283,2.283,8.071,1.0428
9360,Pepperoni Pizza Frozen Sandwiches,2.165,8.268,7.087,1.0009
9364,Mild Green Chile Enchilada Sauce,2.638,2.638,4.409,0.937
9366,Penne Rigate #41 Pasta,2.008,2.992,7.52,1.0009
9387,Granny Smith Apples,2.953,2.953,3.071,0.5335
9397,Beef Hot Dogs,2.362,6.299,9.055,0.75
9409,Dry Roasted Peanuts,2.756,7.087,9.843,1.0
9411,Unsweetened Iced Coffee,2.756,2.756,8.661,2.0856
9421,Organic Raw Multigreen Kobmbucha,2.559,2.559,8.661,1.0428
9431,San Francisco Potato Salad,7.874,11.811,3.937,5.0
9438,Honey Graham Sticks,2.756,7.48,10.63,0.7496
9472,Organic Red Cherry Tomato,3.543,5.512,2.362,0.6239
9477,Medium Cheddar Cheese,2.756,5.512,2.756,1.0
9480,Spinach Tortillas 8 Count,10.236,10.236,1.969,0.7496
9493,Seasoned Croutons,4.724,5.906,1.969,0.3125
9515,Natural Classic Pork Breakfast Sausage,1.969,5.906,8.268,1.0009
9517,Havarti Cheese,1.181,5.118,7.48,0.5
9534,Organic White Bread Done Right,5.512,4.331,7.087,1.25
9547,Turkey Franks,7.874,5.906,1.969,1.0
9550,Ancient Grain Original Granola,3.15,7.874,10.236,0.75
9580,Multi Cat Scented Scoopable Cat Litter,19.685,11.811,5.906,20.0003
9595,Organic Homestyle Mini Waffles,2.165,7.48,10.039,0.5625
9598,Gogo Squeez Organic Apple Strawberry Applesauce on the Go,1.496,3.937,6.496,0.2646
9605,Reese Puffs,2.559,7.48,11.417,0.7187
9614,Organic Acai Superfood Juice,2.953,2.953,9.843,2.1164
9618,Wild Berry Sparkling Energy Water,2.598,2.598,6.614,1.0428
9623,Sparkling Natural Spring Water,2.992,2.992,10.63,2.2046
9644,Danimals Drinkable Yogurt Smoothie Strawberry Explosion & Strikin' Strawberry Kiwi,5.906,3.937,5.906,1.1618
9662,MRS MEYERS   12.5OZ HANDSOAP RHUBAR,2.756,2.756,7.874,0.7981
9666,Country Morning White Bread,5.118,4.331,7.087,1.25
9689,Whole Hearts of Palm,2.756,2.756,5.906,0.875
9741,Cheese Pizza,11.417,8.858,1.772,0.8125
9766,Avocado Oil Himalayan Salt Chips,8.071,6.102,2.559,0.3131
9808,Organic Cottage Cheese,4.724,4.724,2.756,1.0
9827,Southern Style Real Brewed Sweet Tea,2.756,3.937,11.024,4.1667
9837,Original Cooking Spray,2.559,2.559,9.055,0.3748
9839,Organic Broccoli,5.906,5.906,4.724,0.9921
9874,Organic Greek Yogurt Honey,3.15,3.15,2.362,0.3307
9883,Garlic Asiago Brazilian Cheese Bread,8.661,6.299,1.969,0.7496
9913,Garden Vegetable Salad Roll,2.362,4.724,7.087,0.5004
9955,Unsweetened Organic Coconut Milk,2.559,3.74,6.693,2.1164
10017,Tilapia Filet,1.575,7.087,10.236,1.7637
10025,Freeze Dried Strawberry Slices,1.969,6.299,9.055,0.125
10032,Cola Soft Drink,3.346,3.346,12.205,4.5856
10036,"Mighty 4 Kale, Strawberry, Amaranth & Greek Yogurt Tots Snack",2.756,4.724,6.299,0.2822
10038,Hamburger Oval Dill Pickle Chips,2.756,2.756,4.724,1.0428
10070,Organic 1% Low Fat Milk,3.15,3.937,9.449,2.2046
10091,Beef Picadillo Empanadas,1.969,7.874,5.906,0.6239
10096,Corn Meal Pizza Crust,1.772,9.843,9.843,1.0009
10106,Honey & Maple Turkey Breast,1.969,6.299,8.661,0.7496
10108,Artisan Sausage Pineapple Uncured Bacon Hardwood Smoked with Vermont Maple Syrup,2.756,7.087,4.724,1.0009
10131,Original Strawberry Mango Yogurt,2.598,2.598,3.5,0.375
10132,Organic American Cheese Singles,2.165,6.299,3.937,0.7496
10172,Quinoa Chips Sea Salt,3.15,7.087,11.024,0.3131
10175,Simple Delight Hot Fudge Topping,2.165,2.953,4.921,1.0009
10181,Classic Guacamole,2.165,5.315,7.087,0.5
10193,Shredded Carrots,2.362,5.906,7.874,0.625
10197,Chicken Meatballs Spicy Mango & Jalapeno,1.969,7.087,9.055,1.0009
10243,Parchment Paper,1.575,5.118,11.024,0.7496
10246,Organic Celery Hearts,3.937,5.906,9.449,1.0009
10255,Clean Care Mega Rolls Toilet Paper,9.843,11.417,9.055,3.9683
10258,Pistachios,2.165,5.512,9.055,1.0009
10291,Red Swisschard,3.15,7.874,1.969,0.3748
10300,Glazed Chicken,1.575,7.48,5.906,0.6239
10305,Black Plum,2.559,2.559,2.165,0.1664
10308,Crunchy Granola Raisin Bran,2.953,7.48,11.417,1.1244
10312,Zen Tea,2.756,2.756,5.118,0.2205
10337,UDI'S GLUTEN FREE WHOLE GRAIN BREAD,7.874,4.331,3.937,0.7496
10339,Unsweetened Blackberry Water,2.953,2.953,10.63,2.2046
10385,Organic English Cucumber,9.843,2.165,2.165,0.6548
10403,Honey Low Fat Grahams,8.268,5.512,1.969,0.7804
10421,Chopped Spinach Steamers,7.874,6.299,1.181,0.6239
10467,Organic Bernie O's,2.953,2.953,4.331,0.937
10468,Natural Bliss All Natural Coffee Creamer Sweet Cream Flavor,3.15,3.15,9.843,2.1473
10499,"Jalapeno Nacho Slices, Mild",3.15,3.15,5.118,0.7496
10565,Mellow White Miso,3.543,4.528,2.756,0.875
10573,Chunky Mild Salsa,3.15,3.15,5.512,1.5
10602,Brioche Hamburger Buns,3.15,6.299,3.937,0.4375
10603,93% Ground Beef,1.969,7.087,5.512,1.0009
10613,Cut & Peeled Baby Carrots,1.969,7.087,9.843,1.0009
10621,Organic Purple Kale,3.15,7.874,11.811,0.4409
10644,Italian Extra Virgin Olive Oil,2.756,2.756,10.63,1.0031
10673,Original Nooks & Crannies English Muffins,5.906,5.906,2.953,0.7496
10699,Rosemary & Sea Salt Fries,2.362,7.48,10.63,1.25
10711,Chopped Basil,1.378,5.118,7.087,0.1874
10725,Patchouli Incense Sticks With Natural Essential Oils,0.787,2.362,9.843,0.0551
10749,Organic Red Bell Pepper,3.937,3.15,3.15,0.3263
10753,Peanut Butter Bar,6.299,4.724,1.969,0.463
10761,Organic Yokids Lemonade/Blueberry Variety Pack Yogurt Squeezers Tubes,9.449,6.299,2.756,3.5009
10771,Organic Whole Grain Granola,2.756,7.48,11.811,0.75
10819,Original Craisins,2.551,6.449,8.051,0.75
10831,Yobaby Organic Plain Yogurt,2.953,2.953,1.969,0.2491
10840,Blueberry Crisp Energy Bar,2.165,1.378,0.591,0.0882
10895,Mexican Finely Shredded Cheese,2.953,6.102,7.874,0.5004
10990,Rich & Hearty Creamy Roasted Chicken Wild Rice Soup,2.559,3.937,6.89,1.1244
11001,British Style Bangers,1.969,5.906,9.055,1.0009
11068,Medium Cheddar Cheese Block,2.362,4.134,7.087,1.0
11079,1500 Pale Ale,2.598,2.598,6.614,1.0428
11087,Organic Unsweetened Black Tea,2.559,1.89,4.921,0.0882
11090,Organic Fat Free Cottage Cheese,4.252,4.252,2.52,1.0009
11123,Vitamin Water Zero Squeezed Lemonade,2.559,2.559,8.465,1.3029
11136,Organic Low Sodium Chicken Cooking Stock,2.559,2.559,7.677,2.0856
11140,Organic Romaine Leaf,3.937,7.087,11.024,0.937
11143,Defense Up Cold Pressed Fruit Smoothie,2.165,2.165,7.48,0.7826
11148,Sparkling Cranberry Juice,2.756,2.756,10.433,4.1667
11158,Grands! with Cream Cheese Icing Cinnamon Rolls,2.756,2.756,7.677,1.0626
11182,Baby Spinach,3.0,7.799,10.0,0.3125
11233,100% Whole Wheat Pre-Sliced Sandwich Thins,3.937,5.906,2.756,0.7496
11250,Organic Hot Salsa,2.756,3.15,4.724,1.0
11266,Dried Mangos,1.969,5.512,8.268,0.3748
11292,The Original Irish Creme Liquer,2.953,2.953,11.811,1.8188
11331,Deluxe Mixed Nuts,8.661,6.299,11.024,1.0
11352,Organic Mini Sandwich Crackers Peanut Butter,2.559,6.299,9.055,0.4497
11361,Pure Almond Unsweetened Original Almond Milk,2.953,3.74,9.252,4.2329
11422,Plain Greek Yogurt,5.512,5.512,3.937,2.0
11440,Chicken Breast Tenders Breaded,9.843,7.874,1.969,0.75
11447,Chorizo Seitan,1.969,3.15,6.693,0.5004
11452,Honey Dijon Potato Chips,2.953,7.874,11.811,0.485
11456,Sour Cream & Onion Flavored Potato Chips,2.756,7.874,12.205,0.4844
11460,ProteinPLUS Multigrain Thin Spaghetti Pasta,2.756,5.118,7.874,1.0009
11461,White Corn Tortillas,2.756,7.48,9.843,1.0
11481,Organic Quinoa & Brown Rice With Garlic,1.969,5.512,7.874,0.5004
11512,Honey Yoghurt,2.559,3.15,2.559,0.3307
11520,Large Alfresco Eggs,2.559,6.102,2.953,1.3228
11543,Vanilla Protein Protein Shake,2.559,2.559,7.677,0.7496
11556,Quadratini Chocolate Cream Wafers,2.756,6.102,8.661,0.5512
11577,Pure Ground Black Pepper,1.598,2.85,3.449,0.1875
11599,Clean Day Liquid Hand Soap Refill Basil Scent,2.756,5.118,9.449,2.0856
11610,Organic Chocolate Syrup,2.756,2.756,8.268,1.4991
11615,Original Prepared Cheese Product,3.543,7.087,1.969,0.5004
11679,Deli Fresh Rotisserie Seasoned Chicken Breast,2.165,5.118,7.48,0.5
11688,Lemon Fruit & Nut Food Bar,3.937,2.756,0.984,0.0882
11712,Cage Free Large White Eggs,11.811,7.874,2.756,2.25
11741,Organic Fuel High Protein Chocolate Shake,2.165,2.559,6.693,0.9127
11759,Organic Simply Naked Pita Chips,7.48,6.299,2.362,0.3968
11760,7 Whole Grain Nuggets Cereal,7.48,2.165,11.024,0.7496
11776,Baked Sea Salt & Vinegar Potato Chips,8.268,5.906,2.756,0.5004
11777,Red Raspberries,7.087,4.724,1.969,0.75
11782,Bing Cherries,7.087,5.118,2.362,1.0009
11786,Free & Clear All-Purpose Natural Cleaner,4.331,2.559,10.236,2.2046
11819,Laundry Detergent Free & Clear,5.512,7.992,12.008,7.5001
11826,Dark Chocolate Almond Milk,3.882,3.882,9.5,4.18
11827,Chunky Medium Salsa,3.543,3.346,5.906,1.0
11837,Pure Dark Brown Cane Sugar,3.937,2.756,8.268,2.0
11844,Dolmas Stuffed Grape Leaves,3.15,3.15,4.724,0.8752
11909,White Instant Enriched Long Grain Rice,3.15,5.906,9.055,1.75
11913,Shelled Pistachios,3.937,5.906,9.055,1.4991
11926,Organic Cheddar Squares,2.362,5.906,9.055,0.4696
11941,"Tortillas, Corn, Organic",3.15,6.299,9.055,0.5625
11980,Heritage Flakes Cereal,3.799,9.252,11.551,2.0944
11983,Simply 100 Strawberry Blended Non-Fat Greek Yogurt,3.74,3.74,2.26,0.3312
12020,"Mighty 4 Sweet Potato, Blueberry, Millet & Greek Yogurt Tots Snack",1.772,5.118,7.087,0.2491
12023,Toasted Coconut Chips Original Recipe,1.969,5.512,8.268,0.2491
12034,"Carrot, Mango, & Coconut With Red Lentils Organic Baby Food",1.496,2.165,5.315,0.2491
12078,Shredded Mexican Blend Cheese,3.15,7.874,10.63,2.0
12087,Chicken Flavor Ramen Noodle Soup,2.756,6.693,7.48,0.4219
12099,Honey Greek Yogurt,3.937,3.937,7.087,2.0
12108,Kiwi Strawberry with Electrolytes & Vitamins Water Beverage,2.559,2.559,8.858,1.3029
12113,Corn Starch,1.969,3.937,7.087,1.0
12140,Diet Soda,2.559,2.559,6.693,1.3029
12143,Cajun Seasoning,2.598,2.598,4.5,0.5
12144,Gluten-Free Chicken Nuggets,2.362,7.087,9.055,1.25
12145,Tofu Miso Ramen,2.756,5.512,7.48,0.7496
12196,Chicken Quesadilla,1.575,5.512,7.087,0.5004
12218,Classic Wheat Bread,5.512,4.724,8.661,1.25
12232,Original Diced Tomatoes & Green Chilies,2.756,2.756,4.134,0.625
12240,Vanilla Protein Almond Milk,3.15,2.559,9.252,4.2329
12250,EF California White Basmati Eco-Farmed 2 lb Rice,2.559,5.118,9.449,1.9996
12312,Lavender Hand Soap,2.165,2.756,6.89,0.5203
12315,Dairy Free Hazelnut Coconut Milk Creamer,2.559,3.15,7.874,2.1495
12320,Organic Italian Herb Pasta Sauce,2.953,2.953,5.118,1.5
12324,Indian Paneer Tikka,1.772,7.087,5.512,0.6239
12341,Hass Avocados,7.874,5.906,3.937,1.1244
12381,Bowls Tortilla Casserole & Black Beans,7.874,6.693,1.575,0.5622
12384,Organic Lactose Free 1% Lowfat Milk,2.756,3.74,10.63,4.2329
12403,Original Mashed Potatoes,2.362,4.724,7.874,0.2491
12427,Original Beef Jerky,1.969,5.906,7.874,0.1875
12431,Ginger Cookie,2.756,5.906,7.874,0.3748
12432,Tartar Sauce,3.15,3.15,5.906,0.7496
12481,Oreo Chocolate Sandwich Cookies,1.882,7.642,4.339,0.7363
12496,Radish,5.906,3.937,2.362,1.0009
12508,Red Bell Pepper,3.937,3.937,4.331,0.3263
12533,Minced Garlic Squeeze,1.969,1.969,5.906,0.28
12564,Rigatoni Pasta,2.85,4.799,7.358,1.0
12565,Family Pack Beef & Bean Chimichangas,8.661,7.48,2.362,1.9996
12569,Frozen Unsweetened Whole Strawberries,3.937,8.661,11.417,2.0
12572,6 OZ LA PANZANELLA CROSTINI ORIGINAL CRACKERS,2.559,6.102,8.465,0.3748
12576,Kiwi Sandia Sparkling Water,3.15,3.15,10.63,2.2046
12583,Organic Gold Beets,5.906,7.874,3.937,1.0009
12589,Birthday Candles,1.969,3.937,7.087,0.0331
12606,100% Natural Spring Water,15.748,10.63,8.661,28.4396
12614,Yellow Grape Tomatoes,5.906,3.937,2.756,0.7496
12620,Garlic Bread,2.756,9.449,1.969,0.625
12644,Organic Wraps Wheat,2.756,7.874,7.874,0.7496
12667,Ground Espresso Coffee Medium Roast,2.756,3.937,8.661,0.7496
12674,Cocoa Noir Cold Brew Coffee With Almondmilk,2.165,2.165,6.299,0.7937
12703,Organic Mung-Bean Sprouts,1.969,5.118,7.48,0.5004
12762,Citrus Iced Green Tea,2.283,2.559,8.465,1.1464
12779,Spaghetti Squash,9.843,5.118,5.118,2.4251
12782,Bun Length Beef Franks,3.15,9.055,2.756,1.0009
12811,Milano Dark Chocolate Cookies,2.559,7.48,9.843,0.7496
12831,HE Turbo Clean Plus Downy April Fresh Scent Liquid Laundry Detergent,5.906,7.874,12.205,6.9666
12834,Teriyaki Marinade,2.362,2.362,9.055,1.0
12845,Chopped Walnuts,1.969,4.724,7.874,0.5004
12857,Mint Chocolate Chip High Protein Bar,0.787,2.165,5.709,0.1323
12872,Penne Rigate,2.559,4.331,6.689,1.0
12896,Light Rye Crispbread,2.756,6.693,9.843,0.5512
12903,Filberts,7.087,1.969,9.843,0.5004
12911,"Liquid Laundry Detergent, Original scent",5.512,3.937,11.811,6.8453
12916,Ginger Ale,4.134,4.134,12.598,4.4533
12923,Issimo Caffe Iced Coffee Drink,2.559,2.559,7.48,0.8929
12941,Morning Oat Crunch,2.953,7.48,10.63,0.7496
12953,Organic Just Tart Cherry Juice,2.953,2.953,10.236,2.1936
12962,Apricot Preserves,2.929,2.929,5.15,1.125
12980,Large Greenhouse Tomato,2.953,2.953,2.756,0.3968
12992,Real Bleu Cheese Dressing Dipping,2.165,2.756,8.268,0.7804
13031,Pizza Roasted Vegetable No Cheese,14.173,14.173,1.772,0.8752
13032,Cinnamon Toast Crunch,2.402,7.701,11.85,1.05
13060,OTC Acid Reducer,1.772,2.559,4.331,0.0463
13067,Onion Baked Beans,2.874,2.874,4.409,0.937
13145,Double Zipper Freezer Bags,11.024,3.543,2.362,0.3968
13194,Chewy Granola Bars Variety Pack,2.756,7.874,10.63,1.1905
13208,No Salt Tomato Ketchup,2.559,3.15,9.055,1.25
13212,Ground Black Pepper,1.748,1.748,4.35,0.125
13225,Lowfat Milk,3.937,3.937,11.417,4.277
13245,"Natural Artesian Water, Mini & Mobile",2.756,2.756,8.071,1.3029
13249,Skim Milk,2.756,2.756,9.252,4.3211
13255,Family Size Cookie Pack,3.15,8.268,10.63,1.4991
13259,Organic Variety Pack,3.346,6.299,9.449,4.2329
13263,Non Fat Acai & Mixed Berries Yogurt,2.953,2.953,2.362,0.3307
13287,Bistro Bowl Chicken Caesar Salad,6.693,6.693,2.756,0.6239
13292,"Juice Beverage, Cold Pressed, Kale Apple Ginger Romaine Spinach Cucumber Celery Parsley Lemon",2.362,2.362,7.874,0.8069
13304,Whole Peeled Tomatoes,4.134,2.953,6.102,1.75
13328,Original Veggie Breakfast Sausage Patties,2.165,7.874,5.906,0.5004
13378,Stir Fry Vegetables,2.953,8.661,11.811,0.75
13380,Organic Blue Corn Tortilla Chips,3.15,7.874,11.811,0.75
13385,Italian Style Smoked Chicken Sausage With Mozzarella Cheese,2.362,6.299,9.055,0.7496
13396,Chicken Corn Chowder Soup,2.638,2.638,4.252,1.1596
13409,Dubliner Wedge Pre Cut Cheese,1.772,3.346,4.724,0.4365
13423,Grands! Flaky Layers Original Biscuits,1.772,2.756,7.874,1.0207
13424,Almonds,2.756,5.906,8.661,0.5004
13431,Flaky Biscuits,7.874,5.906,2.756,3.0
13435,Amish Blue Cheese,1.969,4.724,3.15,0.3748
13444,Hot Chili Flavor Ramen Noodle Soup,1.378,5.512,7.48,0.1874
13457,Pad Thai Brown Rice Noodles,1.969,5.512,8.268,1.0009
13481,Extra Noodle Soup Mix,0.984,5.512,7.874,0.0948
13510,Simply Organic Garlic Salt,1.772,2.559,5.315,0.3527
13535,Organic Medium Salsa,3.543,2.756,5.118,1.0
13536,Shredded Parmesan Cheese,1.5,6.5,8.382,0.3125
13544,3 Color Deli Coleslaw,5.906,5.906,2.756,1.0009
13575,Apples,3.543,3.543,3.15,0.5335
13605,Frosted berry Strawberry Toaster Pastries,2.165,6.299,7.48,1.375
13627,English Breakfast Tea Bags,1.575,3.15,5.512,0.0882
13629,Organic Snipped Green Beans,1.969,5.906,9.055,0.7496
13635,Uncured Hickory Smoked Pepper Bacon,7.874,6.299,1.575,0.7496
13636,100% Natural Diced Fire Roasted Tomatoes,2.953,2.953,4.331,0.9061
13639,Sliced Almonds,1.969,5.512,8.268,0.375
13646,Lemon Hummus,3.15,4.921,2.165,0.5
13672,Natural Raw Almonds,3.15,6.299,10.63,2.4912
13702,Good Seed Organic Thin Sliced Bread,3.543,4.724,9.055,1.5
13712,Cold Brew Coffee Double Espresso with Almond Milk,2.165,2.756,6.693,0.6526
13727,Immunity Probiotic,4.331,2.165,2.165,0.0331
13732,Outshine Fruit Bars Assorted Fruit,7.087,5.512,1.969,0.7496
13733,Red Potatoes,3.937,2.953,2.953,0.3263
13740,Organic Summer Strawberry Bunny Fruit Snacks,7.087,5.118,1.575,0.3131
13774,Sun Blossom Probiotic Kombucha,2.559,2.559,8.858,1.0538
13775,Organic Curry Leaves,1.181,4.724,7.874,0.0617
13780,Thyme,1.181,3.937,7.874,0.0463
13802,Salted Sweet Cream Butter,2.953,4.921,2.559,1.0
13805,Gluten Free Everything Baked Cracker,1.969,7.48,5.118,0.2668
13807,Light and Lean Macaroni and Cheese,7.48,1.772,4.724,0.5622
13819,Roasted Salted Cashews,2.756,5.512,8.268,1.0
13838,Natural Free & Clear Dish Liquid,11.201,4.5,2.701,2.5507
13866,Deluxe Plain Bagels,7.874,7.087,3.543,1.1244
13870,Lightly Salted Baked Snap Pea Crisps,7.087,4.724,1.969,0.2491
13874,Organic Pumpkin,2.874,2.874,4.252,0.9375
13885,Caramel Cookie Crunch Gelato,3.937,3.937,4.724,0.5732
13911,Lager,5.315,8.071,5.315,4.7399
13914,Cheez-It Baked Snack Crackers,3.15,8.071,10.63,1.3125
13921,Vegetable Classics Garden Vegetable Soup,2.638,4.016,4.331,1.1596
13924,Curry Powder,1.969,3.543,5.512,0.4409
13944,Pure Water,2.559,2.559,8.465,1.1023
13945,2 in 1 Whitening Toothpaste,1.378,2.165,7.48,0.2491
13951,Mixed Fruit Snacks,1.748,5.748,7.5,0.5
13984,Organic Mint,2.362,3.937,9.055,0.0617
13988,Snow Peas,1.969,5.906,9.055,0.5004
14010,Organic Mango Yogurt,2.953,2.953,2.362,0.3307
14013,Bistro Wild Salmon Frozen Entree,7.874,6.299,1.575,0.6173
14032,Tortilla Chips,11.811,7.874,3.937,1.0
14050,Double Chocolate Chip Protein Bar,5.512,1.969,0.787,0.1323
14084,Organic Unsweetened Vanilla Almond Milk,3.543,2.362,9.055,4.299
14086,Sparkling Apple Juice,3.15,3.15,10.63,4.1888
14114,Orange Chicken,7.677,1.89,6.102,1.375
14126,Gluten and Dairy Free Rice Macaroni and Cheeze,7.48,5.512,1.575,0.6239
14129,Organic Chicken Bone Broth,2.559,3.74,6.693,2.1275
14143,Hot Roasted Habanero Salsa,3.346,3.346,5.118,1.0009
14148,Original Worcestershire Sauce,2.165,2.559,8.268,0.7187
14159,Seedless Watermelon,13.78,9.843,9.843,11.0231
14163,Ready to Bake! Chocolate Chip with Hershey's Chocolate Chips Cookies,11.024,2.756,2.756,1.0318
14183,Fruit & Nutty Almonds Raisins Cranberries Pecans Granola,3.15,7.087,9.843,1.1023
14187,Bold & Crispy Zesty Twirls,1.772,7.48,10.236,0.7496
14197,Tomato Paste,1.575,2.559,4.528,0.375
14199,Black Cherry Gelato,3.937,3.937,4.724,1.0428
14211,Baby Food Stage 2 Pumpkin Banana,1.772,2.756,4.724,0.2491
14218,Grade A Large Eggs Cage Free Omega 3,7.874,6.102,2.677,1.4991
14233,Natural Artesian Water,2.559,2.559,8.465,1.1067
14242,Organic Sweetened Condensed Milk,2.559,3.346,4.528,0.873
14252,Coke Zero Diet Soda,4.134,4.134,13.386,4.5415
14280,Wieners,8.661,5.906,1.772,1.0009
14282,Cut Crystal Clear Plastic Cups,5.118,5.118,5.906,0.3968
14286,Light Italian Style Meatball Soup,2.559,4.134,4.528,1.1244
14296,Organic Kids Clearly Grape,2.559,2.559,8.661,0.7496
14365,Whipped Mixed Berry Tub,3.937,3.937,2.953,0.5004
14419,Fresh Scent Laundry Detergent,7.087,4.724,11.811,6.8343
14429,Organic Ground Black Pepper,1.89,1.89,4.724,0.1875
14462,Sliced Black Olives,1.772,2.953,4.134,0.7496
14477,Organic Spaghetti,2.165,3.15,10.433,1.0
14505,Old World Style Organic Traditional Pasta Sauce,3.543,2.953,6.693,1.4991
14536,Natural Goodness 33% Less Sodium Chicken Broth,2.559,2.559,4.331,2.0856
14553,Oats & Honey Granola,7.874,5.118,2.362,0.6875
14564,Funsize Mix 65 Pieces Candies,1.969,6.299,9.449,0.7496
14576,Delights Turkey Sausage Egg Whites & Cheese English Muffin,2.756,5.118,7.087,0.3748
14633,Veggie Chips,9.843,7.087,2.756,0.75
14647,Diced Hot Green Chiles,1.496,2.953,4.331,0.2491
14650,Vanilla Whey Protein Powder,5.512,5.512,9.843,1.9996
14651,Tommy/Kent/Keitt/Haden Mango,3.543,3.15,5.906,0.5512
14678,Organic Frozen Peas,2.165,7.087,9.843,1.0009
14680,Breakfast Sausage  Egg & Cheese,2.165,7.283,9.449,0.5004
14715,Coconut Water,2.756,2.756,9.055,2.2046
14778,Organic Chocolate Chip Chewy Granola Bars,1.598,5.5,5.701,0.33
14804,Organic Cream Of Chicken Soup,2.953,2.953,4.331,0.657
14808,Fermented Mango Probiotic Soy Drink,2.283,2.283,6.496,0.4696
14811,Healthy Grains Low Fat Banana Nut Clusters,2.953,7.874,11.024,0.6878
14814,Gluteen Free Center Cut Applewood Smoked Uncured Bacon,0.984,6.693,9.055,0.7496
14833,Sweet Rejuvenation Cashew Butter Macrobar,5.512,1.772,0.787,0.119
14836,V-Fusion +Energy Orange Pineapple Juice,2.953,2.953,9.449,3.0931
14852,All Natural Marinara Sauce,2.953,2.953,7.087,1.4991
14858,Multigrain Pita Chips,2.756,7.874,11.024,1.0
14867,Honey Bunny Grahams,2.165,7.087,9.843,0.4696
14870,Icelandic Style Fat Free Plain Yogurt,3.543,5.512,2.756,1.9996
14872,All Natural Powder Cleanser,2.362,4.724,7.874,0.7496
14874,Organic Eggs Large,9.449,6.299,2.756,1.4991
14881,Organic Yukon Select Fries,9.449,2.362,11.811,1.7505
14891,Black Coffee,4.724,3.937,7.087,0.7496
14897,Sweet Potato Yam,5.0,2.0,2.0,0.2866
14917,Blackberry Yogurt,3.15,3.15,2.362,0.3748
14947,Pure Sparkling Water,3.15,3.15,11.811,2.2046
14992,Green Beans,7.874,5.512,2.362,1.0009
14996,Ruby Red Grapefruit,3.937,3.937,3.937,0.6614
14999,Grade A Large Brown Eggs,5.906,8.268,2.756,0.75
15042,Traditional Italian-Style Wedding Soup,2.559,3.937,4.528,1.1596
15082,Deli Style Roast Beef Thin Sliced,7.087,5.118,1.575,0.5004
15097,Light Mayonnaise,2.559,3.346,7.874,1.4991
15100,Fresh Spinach,2.362,5.906,9.055,0.6261
15109,Eggo Blueberry Waffles Family Pack,2.165,10.433,7.48,1.4991
15123,Gluten Free Fudge Covered Pretzels,2.756,7.087,9.449,0.5622
15130,Fresh Cut Baby Carrots,2.362,5.906,8.661,1.0009
15131,Lemon with Electrolytes & Vitamins Water Beverage,2.559,2.559,8.465,1.1729
15143,Blueberry Pint,4.724,4.724,2.953,0.7496
15182,"Organic Turbinado, Raw Cane Sugar",2.756,4.724,10.236,1.9996
15200,Organic Green Beans,2.756,5.512,9.055,1.0009
15261,Organic Rosemary,5.906,3.15,1.181,0.0463
15269,Natural Medium Cheddar Cheese,4.724,7.087,1.969,0.5
15290,Orange Bell Pepper,3.15,3.937,4.724,0.3263
15343,Coffee Blended Low-Fat Greek Yogurt,2.953,2.953,2.165,0.3307
15353,Angus Beef With Bacon & Cheese,2.953,2.953,1.772,0.2205
15363,Mini Round Containers + Lids,4.724,4.724,3.543,0.3968
15377,Organic White Cheddar Shells & Cheese,1.772,5.315,7.48,0.375
15386,Whole Grain White Corn Salted Tortilla Chips,3.15,7.874,11.811,0.6239
15392,Organic Mayonnaise,2.756,3.543,7.874,1.4991
15396,Organic Lime Juice,2.559,2.953,8.268,1.0428
15399,"Almondmilk Creamer, Vanilla",2.559,2.953,7.087,1.0428
15404,Fresh Sliced Mozzarella,2.756,5.906,3.937,1.0
15424,Purified Water,6.496,6.496,12.205,8.3445
15438,"Mayonnaise, Classic",3.937,3.937,7.087,1.8739
15455,Organic Extra Virgin Oil Olive,2.559,2.559,9.449,1.6535
15552,Roasted Brussel Sprouts,7.087,5.118,1.969,0.6261
15567,Crunchy Chickpeas Falafel,5.906,1.969,8.661,0.2491
15613,Salted Tub of Butter,3.937,2.953,1.969,1.0009
15649,Baby Seedless Cucumbers,5.906,5.118,2.362,0.7496
15680,Red Plastic Cups,3.937,3.937,7.48,0.5071
15697,Apricot  Walnut & Coconut Granola Bar,1.969,6.299,8.661,0.3307
15700,Cheddar Cheese Nut Thins Cracker Snacks,2.559,3.15,7.087,0.2646
15709,Chocolate Grand Ice Cream,6.496,4.134,2.559,2.9983
15739,G Series Fruit Punch Sports Drink,2.756,2.756,9.449,1.3426
15770,Hot Dog Chili Sauce,2.559,2.559,4.724,0.625
15772,Pineapple Spears,7.087,4.724,1.969,1.0
15839,California Grown Chopped Garlic,2.559,2.559,4.331,1.0009
15850,Zingers Cakes,3.15,7.087,5.118,0.7496
15866,Variety Minis with Dark Chocolate Ice Cream Bars,2.165,7.677,6.102,0.7937
15872,Celery Hearts,4.724,6.299,11.024,1.4991
15902,100 Calorie  Per Bag Popcorn,5.512,3.937,7.087,0.6239
15904,Mandarin Orange & Grapefruit Hand Wash 12 oz,2.756,2.756,7.874,0.7826
15906,Midnight Moon,3.15,3.15,1.969,0.5004
15923,Supremely Spicy Hummus,6.102,6.102,2.165,0.6239
15925,Macaroni and Cheese,7.677,5.315,1.575,0.4542
15937,Shallot,1.575,1.575,3.15,0.0992
15950,Chik'n Nuggets,7.874,5.906,1.772,0.625
15969,Solid White Albacore Premium Tuna in Water,4.134,2.953,1.378,0.3131
15995,Organic Cinnamon Apple Sauce,7.087,2.756,7.087,1.5
16018,Cinnamon Crunch Apple Chips,7.874,5.118,1.575,0.1874
16029,Organic Fully Cooked Chicken & Apple Sausage,2.165,5.709,7.874,0.7496
16083,Organic Large Brown Eggs,12.008,7.992,2.559,1.5
16096,Filet Mignon Canine Cuisine Wet Dog Food,4.331,2.953,1.378,0.8135
16139,Clara,2.559,2.559,6.102,0.7826
16174,Original Vegenaise Dressing & Sandwich Spread,3.937,3.937,7.087,1.4991
16185,Sharp Cheddar Cheese,3.937,2.756,1.181,0.5
16207,Original Sparkling Seltzer Water,3.346,3.346,11.024,2.2267
16209,Littleneck Clams,7.087,5.118,2.756,1.0009
16234,Vitamin D Organic Milk,3.346,4.134,10.63,4.1667
16247,Caraway Crackers,2.362,7.48,9.843,0.5004
16249,Lacinato Kale Og,3.937,9.843,13.78,0.5004
16254,ZBar Organic Chocolate Brownie Energy Snack,0.984,2.756,5.709,0.0794
16262,Everything Bagels,8.661,6.299,3.937,1.125
16283,Fresh Asparagus,11.811,7.087,3.15,1.0009
16290,Sparkling Clementine Juice,3.15,3.15,11.417,2.1275
16291,Organic Extra Large Brown Omega 3 Eggs,11.811,4.528,2.953,1.6667
16376,Chicken & Cheese Taquitos,12.598,8.661,3.543,3.0
16460,Organic Buttery Rich Classics,2.362,7.087,5.512,0.5004
16464,Sweet & Salty Nut Almond Granola Bars,1.969,7.087,8.661,0.5622
16479,"Fruit Spread, Deluxe, Strawberry",2.953,2.953,4.331,1.1244
16521,Walnut Halves & Pieces,2.362,6.102,8.858,0.5
16525,Organic Chopped Garlic,2.559,2.559,4.528,0.4365
16526,"Bread, Whole Wheat Organic Pita",4.921,7.48,2.756,0.7496
16589,Plantain Chips,3.15,5.512,8.661,0.3125
16616,Organic Sliced White Mushrooms,5.512,3.937,1.575,0.5004
16631,Gluten Free Chocolate Chip Cookie Mix,2.559,4.724,7.874,1.0009
16659,New England Clam Chowder Soup,2.559,3.346,4.528,1.1552
16663,Mozzarella Style Slices,1.378,4.724,7.48,0.5004
16714,Mocha Frappucino Chilled Coffee Drink,2.362,2.362,7.48,0.8929
16759,Organic Carrot Bunch,3.937,3.937,9.843,1.0009
16789,Whole Care Spearmint Toothpaste,1.772,2.953,7.48,0.3439
16793,"Protein Bar, High, White Chocolate",0.984,2.165,5.512,0.1323
16796,Gluten Free Chicken Florentine,1.772,7.48,5.512,0.6239
16797,Strawberries,7.48,4.528,3.071,1.0
16823,Organic Beef Broth,2.559,3.543,7.874,2.1716
16834,Premium Quality Cornstarch,2.362,3.15,7.48,1.0009
16855,Banana Dippers Banana Slices,1.969,6.299,8.661,0.7496
16869,Automatic Dishwasher Tablets Citrus - 25 CT,3.15,4.724,6.299,0.7937
16890,Slow Cookers Savory Pot Roast Seasoning Mix,0.394,4.724,7.087,0.0617
16900,Original Whole Grain Chips,2.756,7.087,9.055,0.6239
16913,"Licorice, Soft",2.362,6.299,9.055,0.7496
16953,Creamy Peanut Butter,2.85,2.85,5.0,1.0
16959,Toilet Paper Double Rolls - 24 CT,15.748,11.811,9.843,5.2911
16965,Chocolate Ice Cream,6.693,3.937,3.346,2.9983
16974,Sea Salt Brown Rice Crackers,2.756,7.874,11.417,0.3748
16978,Organic Forbidden Rice,2.362,5.512,9.055,1.0009
16987,Organic Love Crunch Dark Chocolate Macaroon Granola,3.15,6.299,9.449,0.6878
16995,Sliced Soppressata Salame,1.969,5.906,7.874,0.5004
17008,Shredded Sharp Cheddar Cheese,1.5,6.5,8.382,0.5
17025,Country Dijon Mustard,2.5,2.5,3.811,0.5
17027,Avocado Roll,4.331,4.331,1.969,0.3748
17146,Coldwater High Efficiency Liquid Laundry Detergent,2.756,4.724,10.63,4.1888
17155,Ranch Dip Mix,0.591,3.346,5.315,0.0617
17160,Smooth & Creamy Organic Lowfat French Vanilla Yogurt,2.598,2.598,3.5,0.375
17170,Little Yums Pumpkin and Banana Teething Wafers,1.969,5.906,7.874,0.0926
17181,Natural Goddess Dressing,2.559,2.559,7.874,1.0428
17183,Peach Yoghurt,2.756,2.756,2.362,0.3307
17281,White with 30% Cacao Content Organic Chocolate,5.906,2.953,0.472,0.2205
17286,"9\"" Apple Pie",9.843,9.843,3.15,1.9842
17304,Powdered Peanut Butter,3.85,3.799,6.701,1.0
17306,Pineapple Contour Soda,4.134,4.134,12.598,4.5856
17323,Turkey Skinless Smoked Sausage,2.165,5.512,7.874,0.7496
17419,Sprouted Whole Wheat Bread,5.118,7.087,5.118,1.4991
17454,Organic 90% Ground Beef,7.48,5.118,1.969,1.0009
17468,Raw Almonds,7.874,5.512,1.969,0.5
17484,Thin And Crispy Corn Tortilla Chips,3.15,7.874,11.811,0.6239
17487,Orange Juice 100% Juice,2.756,3.543,10.236,4.277
17526,70% Dark Chocolate Salted Almond Bar,0.787,2.953,6.299,0.1874
17530,Unsweetened Watermelon Water,2.559,2.559,8.465,1.1244
17533,Harissa Dip,3.937,3.937,1.772,0.5004
17553,Lowfat Blueberry Yogurt,2.559,2.559,2.165,0.3748
17560,Dairy Free Cultured Plain Coconut Milk,3.346,3.346,6.102,1.9996
17600,"YoKids Squeezers Organic Low-Fat Yogurt, Strawberry",6.299,5.512,6.299,1.9555
17601,Peppermint Caffeine Free Herbal Tea Bags,2.362,2.953,4.724,0.0794
17616,Goldfish Cheddar Baked Snack Crackers,4.016,7.992,10.984,1.8739
17627,Butterscotch Pudding,5.0,2.992,2.52,0.873
17659,Flavored Bread Crumbs,2.559,2.559,7.874,0.9375
17668,Unsweetened Chocolate Almond Breeze Almond Milk,2.559,4.134,9.252,4.2549
17706,Organic Whole Grain Wheat English Muffins,3.15,5.512,7.874,0.7496
17735,All Natural Hickory Liquid Smoke,1.772,1.772,5.512,0.2381
17747,Plastic Wrap,11.811,2.756,2.756,0.1764
17758,Strawberry Rhubarb Yoghurt,2.953,2.953,2.362,0.3748
17762,Light Oaked Chardonnay,3.15,3.15,11.811,1.5873
17763,Grands! Big & Flaky Crescent Rolls,2.756,2.756,4.724,0.4982
17794,Carrots,7.0,1.252,1.252,0.172
17795,Organic Green Leaf Lettuce,3.937,7.874,4.724,0.7496
17824,Chunky Blue Cheese Yogurt Dressing,2.165,2.559,7.087,1.0428
17828,Organic Spinach & Feta Dinner Sausage,1.969,4.724,8.661,1.0009
17835,Thin & Light Tortilla Chips,3.937,7.874,11.811,0.5622
17847,Carob Chip,1.378,3.15,7.087,0.0882
17862,Minced Garlic,3.15,3.15,4.724,0.4998
17867,Ultimates Chocolate Chip Lovers Cookie Dough,4.016,5.512,7.52,1.0009
17872,Total 2% Lowfat Plain Greek Yogurt,3.74,3.74,2.26,0.3312
17878,Grilled Chicken Breast Strips,2.165,6.693,9.055,0.75
17948,Frozen Organic Wild Blueberries,1.969,7.087,9.449,0.6239
17949,Mild Cheddar Cheese Sticks,1.772,5.709,7.48,0.625
17956,Cocoa Powder,2.165,3.15,5.906,0.4409
17974,Almond Cashew with Flax + Omega-3 Fruit & Nut Bar,1.969,2.953,5.906,0.0772
18020,Black Raspberry Chocolate Chip Ice Cream,4.016,4.016,4.488,1.1023
18023,Organic Coconut Water,2.756,2.756,9.843,2.1936
18027,Ezekiel 4:9 Bread Organic Sprouted Whole Grain,5.0,4.016,7.52,1.4991
18070,Sparkling Probiotic Drink Strawberry Acai Coconut,2.165,2.165,7.48,0.7826
18072,Organic Gluten Free Elbow Pasta,1.969,3.543,7.087,1.0009
18078,Wild Arugula,2.362,6.299,8.661,0.3125
18091,Daily Moisturizing Lotion,2.165,3.346,8.661,1.1729
18095,Gluten Free Whole Grain Bagels,4.331,7.087,3.937,1.0009
18150,Oatmeal Raisin Cookies,3.0,4.748,8.5,0.4687
18168,Golden Raisins,1.78,4.118,6.059,0.75
18174,The Original Five Cheese Texas Toast,9.843,1.969,7.087,0.8444
18200,Aged White Cheddar Gluten-Free Baked Rice And Corn Puffs,7.087,3.15,10.63,0.3131
18212,Cinnamon Rolls,7.874,5.906,3.15,1.3757
18234,Organic Spinach Bunch,11.811,7.874,3.15,0.3748
18242,Fire Roasted Crushed Tomatoes,2.953,2.953,5.512,1.75
18255,Brightening Hydro Serum Facial Mask,0.315,4.331,6.299,0.0551
18272,Slices Cheddar Cheese,2.953,2.953,4.724,0.4762
18281,Popped Dark Chocolate with Sea Salt Granola Bar,1.969,5.512,7.48,0.3748
18285,Cinnamon French Toaster Sticks,1.969,7.48,5.906,0.7496
18286,"Ramen, Vegan, Miso",2.362,3.937,5.512,0.2205
18288,Sea Salt Potato Chips,3.15,8.661,11.811,0.625
18309,Lemon Pepper,3.937,1.969,5.512,0.1625
18327,Deli-Sliced Tamed Jalapeno Peppers,2.362,2.362,4.724,0.7496
18329,Simply 3 Cheese Tortellini,9.449,7.087,1.969,1.25
18359,Bag of Red Delicious Apples,9.449,7.087,5.906,2.9983
18362,Organic Bread with 21 Whole Grains,11.811,7.48,5.118,1.4991
18370,Organic Shredded Mozzarella,7.087,2.165,9.055,0.5004
18379,Raspberry Sorbet,4.724,3.937,3.543,0.8818
18389,Blood Orange Italian Soda,2.559,2.559,8.268,0.8157
18413,European-Style Cultured Butter,1.969,3.15,6.299,1.0009
18451,Sea Salt Popped Corn Chips,3.937,7.874,12.598,0.3131
18460,Brussel Sprouts,2.953,6.299,8.268,1.0
18465,Organic Grade A Free Range Large Brown Eggs,11.417,9.843,2.953,1.5
18471,Organic Light Agave Nectar,2.756,2.756,9.843,1.0251
18479,Organic Low Sodium Vegetable Broth,2.559,3.74,6.693,2.1076
18503,Light Cream,2.756,2.756,6.299,1.0538
18523,Total 2% All Natural Greek Strained Yogurt with Honey,3.15,3.15,2.362,0.3307
18531,Organic Heavy Whipping Cream,2.756,2.756,7.48,1.0428
18534,Grade A Extra Large Eggs,11.417,6.693,2.953,1.6875
18552,Hot Calabrese Salame with Natural Gouda Cheese & Toasted Rounds Small Plates,1.969,5.512,7.874,0.3748
18569,French Lavender Hand Wash,2.559,3.15,7.677,0.7826
18594,Emmentaler Swiss Slices,1.378,5.906,7.874,0.5004
18595,Raspberry Seltzer Water,8.465,5.315,10.63,7.8308
18599,Garlic Couscous,1.969,5.118,7.874,0.3748
18614,Caramel Flavored Ice Cream Sauce,2.362,1.969,7.087,0.765
18618,Baked Caesar Snapea Crisps,5.512,2.756,8.268,0.2072
18656,Organic Red Potato,3.15,2.362,1.969,0.3263
18660,Orange Marmalade,3.543,2.756,4.724,1.125
18670,Original Enriched Rice Drink,2.559,3.74,7.48,2.3369
18691,Tofu Scramble Pocket Sandwich,1.772,5.118,7.087,0.2822
18696,Mild Red Enchilada Sauce,2.559,2.756,7.087,0.937
18727,Smoked Apple Sage Sausages,1.969,5.906,7.874,0.7496
18761,Balsamic Vinegar Of Modena,2.362,2.362,10.63,1.1023
18770,Uncured Italian Dry Salami,1.378,6.299,9.055,0.5
18790,Chocolate Favorites Fun Size Variety Pack,7.874,2.756,9.843,0.6239
18811,Organic Apple Juice,3.799,3.799,8.051,2.1605
18814,Chicken Bean and Rice Burrito,1.772,6.693,9.055,0.5004
18838,Best Cinnamon Bread,4.724,5.512,6.299,1.25
18855,Great Grains Crunchy Pecans Cereal,7.087,2.165,11.024,0.8752
18873,Organic Earl Grey Black Tea 16 Count,3.15,1.969,5.512,0.0705
18877,Clean Breeze® High Efficiency Liquid Laundry Detergent,7.087,4.331,11.811,6.8343
18889,Greek Extra Virgin Olive Oil,2.559,2.559,11.417,1.0097
18891,Classic Almond Butter All Natural,3.346,3.346,4.528,1.0009
18893,Cut Baby Corn,4.134,2.953,5.906,0.9375
18908,Pizza Dough,2.362,5.906,8.268,1.0
18918,Organic Chopped Spinach,1.575,7.087,9.055,0.6239
18963,Apple Cider Vinegar,2.559,2.559,10.63,2.1341
19006,Dark Chocolate Pretzels with Sea Salt,1.969,5.906,9.055,0.3131
19019,Uncured Slow Cooked Ham,1.575,6.299,9.055,0.6562
19042,Raspberry Vinaigrette with Poppyseed Dressing,2.165,2.756,9.055,1.0031
19048,Organic Butternut Squash,7.087,5.906,5.906,1.9842
19049,Peeled Garlic,2.756,4.724,1.575,0.375
19057,Organic Large Extra Fancy Fuji Apple,3.543,3.543,3.543,0.5335
19068,Boneless And Skinless Chicken Breast,11.811,7.874,2.362,2.5
19084,Organic Grapefruit,4.921,4.921,4.921,0.679
19115,Blueberry Pecan Plus Fiber Fruit & Nut Bar,1.378,2.559,5.709,0.0882
19145,Dairy Pure Whole Milk,3.74,3.74,10.433,2.0856
19154,Coconut Fruit Bars,7.874,1.969,5.906,1.0009
19173,Orange Calcium & Vitamin D Pulp Free,10.827,3.346,3.346,3.4172
19202,Giant Roll Paper Towels,4.724,11.024,11.024,1.9842
19208,Gluten Free Multigrain Bread,3.937,5.512,7.087,0.9502
19240,Organic Fuji Red Apple Chips,1.969,5.906,9.055,0.1874
19276,Whole Nutmeg,1.969,1.969,6.299,1.0
19348,Fat Free Milk,3.882,3.882,9.441,4.277
19350,"Yogurt, Lowfat, Organic, Vanilla Bean",3.74,3.74,5.512,1.9996
19366,Sprouted Organic Cinnamon Raisin English Muffins,5.906,3.937,3.543,0.7496
19368,With Glade Tough Odor Solutions Cat Litter,18.898,11.811,5.118,20.0003
19376,Gluten Free Crunchy Vanilla Cereal,2.165,7.874,11.024,0.7496
19385,Channa Masala Indian Cuisine,5.512,1.575,7.874,0.6239
19389,Shredded Low-Moisture Part-Skim Mozzarella Cheese,3.543,10.236,7.087,2.0
19394,Mrktpl Le Ginger Beef,7.48,5.906,1.772,0.5622
19415,Roasted Tomato Salsa Serrano-Tomatillo,3.15,3.15,4.528,1.0009
19452,Colors Cheddar Baked Snack Crackers,2.165,2.953,7.48,0.4696
19468,Classic Yellow Mustard,2.0,3.299,7.0,0.875
19470,Lacinato (Dinosaur) Kale,3.15,9.843,13.78,0.4409
19478,Organic Marinara Pasta Sauce,3.15,3.937,8.268,1.5625
19488,Select-A-Size White Paper Towels,4.724,8.661,11.024,1.9996
19508,Corn Tortillas,7.874,7.874,1.969,1.5625
19511,Half And Half,2.756,2.756,7.874,1.0428
19513,Moroccan Argan Oil + Argan Stem Cell Triple Moisture Conditioner,2.165,2.953,8.661,0.8488
19516,Velveeta Original Cheese,7.48,3.543,3.543,1.0009
19535,Signature Recipes Creamy Alfredo Pasta Sauce,2.953,2.559,4.528,0.937
19546,Port Wine Spreadable Cheese,5.906,5.906,2.756,0.875
19604,Medium Scarlet Raspberries,3.937,5.118,1.969,0.3748
19660,Spring Water,11.024,5.512,12.205,8.3445
19665,Organic Feta Cheese,3.937,3.937,1.969,0.5004
19677,Original Pure Creamy Almond Milk,2.756,3.74,8.465,4.1888
19678,Organic Russet Potato,3.937,2.756,2.362,0.3263
19691,Green Seedless Grapes,7.48,5.118,3.937,2.0
19706,Organic Nectarine,1.772,2.756,2.756,0.3086
19741,Organic Unsweetened Soy Milk H,2.756,4.724,7.48,2.0856
19803,Sparking Brut Classic Wine,3.15,3.15,12.598,1.638
19816,Sonoma Traditional Flour Tortillas 10 Count,8.661,7.087,1.772,0.7496
19821,Chocolate Chip,2.291,5.311,5.76,0.75
19851,Baked Soft Pretzels 6 Count,9.843,7.087,2.756,1.1244
19862,Organic Brown Rice Snaps Unsalted Plain,3.15,7.087,9.449,0.2205
19863,Classic Potato Chips,3.543,7.874,11.024,0.5
19887,Unsweetened Vanilla Almond Breeze,2.559,3.74,8.465,2.2046
19894,Enlightened Organic Raw Kombucha,2.756,2.756,8.661,1.0428
19895,Sliced Prosciutto,6.299,4.331,0.984,0.25
19906,Fresh Whole White Mushrooms,5.512,3.543,1.969,0.5004
19938,Extra Wide Egg Noodles,1.78,11.98,7.921,1.0
19958,Peanut Butter Filled Pretzel,5.906,9.843,3.937,2.75
19966,Spicy Shrimp Avocado Roll,3.937,5.906,1.969,0.5622
20004,Chocolate Peanut Butter Nutrition Bars,2.165,5.315,7.48,0.3968
20021,Original French Fried Onions,2.756,3.937,3.937,0.3748
20022,Granulated White Cane Sugar,2.756,6.299,9.843,3.9992
20039,Sea Salt & Pepper Popcorn,3.15,5.906,9.449,0.3131
20057,"Tall Kitchen Bags, Drawstring, Lavender, 13 Gal, Mega Pack",3.937,9.449,11.811,3.9683
20061,Organic Grass Fed Creamline Yogurt Plain,3.937,3.937,4.331,1.9996
20119,Sparkling Water Berry,3.15,3.15,10.63,2.2046
20127,Organic Lentil Beans,2.953,2.953,4.331,0.937
20156,Mixed Berry Yogurt,2.953,2.953,2.362,0.375
20169,Annie Peely Fruit 4.5 Z,3.937,1.575,6.299,0.2822
20280,Jumbo Lump Crab Cake,3.937,3.937,1.181,0.2491
20323,Strained Tomatoes,3.15,3.15,8.268,1.4991
20334,"Dry Meyer Lemon Soda, Lightly Sweetened",5.315,5.315,6.693,3.1306
20337,Hummus Roasted Pine Nut,5.512,5.512,1.969,0.6239
20339,Chocolate Protein Soy & Dairy Protein Shake,2.559,2.559,7.677,0.7165
20367,Natural Mint Gum,0.787,2.559,3.937,0.1235
20378,Chicken Broth,2.559,2.559,4.331,0.873
20431,Organic Ranch Dressing,2.362,2.362,8.268,1.0428
20437,Ciabatta Baguette,3.15,3.937,14.961,0.7188
20502,Singles 2% Milk American Cheese Slices,2.953,6.496,1.772,0.7496
20511,Gelato Indulgences Chocolate Caramel,6.102,4.134,3.346,1.0428
20536,Organic 100% Whole Wheat No. 4 Spaghetti,2.953,7.48,2.165,1.0009
20540,Clinical Strength Secret Clinical Strength Smooth Solid Women's Antiperspirant & Deodorant Light & Fresh Scent,1.969,2.756,6.102,0.1609
20549,Organic Orzo,2.756,7.48,2.165,1.0
20574,Roasted Turkey,1.181,5.906,7.874,0.5004
20608,Grapeseed Oil,2.362,2.362,9.449,1.0362
20632,Mache Rosettes French Salad Mix,3.15,6.299,4.724,0.2491
20653,Tomato Sauce with Sea Salt,2.559,2.756,4.724,1.4991
20721,Jumbo Shells Pasta,3.449,8.098,6.299,0.75
20734,Organic Medjool Dates,7.874,5.118,1.969,1.0009
20738,Plain Bagels,9.843,7.874,3.937,1.125
20776,Organic Quinoa,2.165,3.15,7.087,0.75
20822,Real Vegetable Chips Spiced Sweets,3.15,7.087,11.024,0.3131
20842,Total 0% Greek Yogurt,2.992,2.992,2.52,0.3748
20869,Yellow Potato,3.15,2.756,2.756,0.5071
20876,Crunchy Peanut Butter Energy Bar,3.15,6.102,8.268,0.8995
20896,C&W Frozen Petite Sweet Corn,7.087,5.118,1.772,1.0009
20898,Ranch Classic Dressing,2.283,2.559,8.858,1.0428
20899,Goo Berry Pie Probugs Kefir,2.953,2.953,6.102,0.9987
20919,Baby Spinach Salad,3.0,7.799,10.0,0.3125
20940,Organic Low Fat Milk,3.543,3.543,7.087,4.1888
20945,Ion4 Strawberry Lemonade Sports Drink,2.756,2.756,8.858,1.1795
20948,Grab And Go! Stack Potato Crisps Sour Cream & Onion Flavored,3.346,3.346,6.89,0.3109
20955,Cereal,2.953,7.48,10.827,1.1244
20995,Organic Broccoli Florets,1.969,6.299,9.055,0.5625
21010,Organic Crushed Tomatoes with Basil,2.953,3.15,4.724,1.4991
21019,Roasted Red Pepper Hummus,4.724,4.724,2.559,0.625
21072,Organic Blackberry Sorbet Bars,2.362,5.512,6.693,0.6614
21077,Cara Cara Navel Orange,3.15,3.15,3.15,0.3968
21083,Corn Puffs with Aged White Cheddar (Lunch Packs),1.575,5.906,7.874,0.3086
21088,Organic Whole Kalamata Olives,2.756,2.756,4.724,1.0009
21108,Cherry Vanilla Creme Soda,3.465,3.465,11.417,4.5636
21131,Lemon-Lime Fridge Pack Soda,7.874,10.236,6.693,9.3696
21137,Organic Strawberries,7.48,4.528,3.071,1.0
21158,Everything Bagel,4.724,7.874,5.512,1.25
21174,I Heart Baby Kale,9.449,7.087,2.756,0.3131
21183,Organic Gold Beet Bunch,4.724,7.087,9.843,1.0009
21195,Organic Extra Virgin Olive Oil,2.362,2.362,10.63,1.6535
21227,Smart Dogs Veggie Hot Dogs,1.772,6.299,9.055,0.5004
21243,Simple Favorites Chicken Fettuccini Frozen Entree,1.575,6.496,8.268,0.6239
21246,Mild Enchilada Sauce,2.165,2.953,4.331,0.937
21267,Sourdough Bread,3.937,5.906,6.693,1.5
21288,Blackberries,5.118,3.937,1.575,0.3748
21289,Cultured Vanilla Coconut Milk,2.953,2.953,2.165,0.3307
21292,Rainbow Bell Peppers,9.843,7.874,3.937,1.9996
21295,Organic Spaghetti Squash,11.811,7.087,7.087,2.6455
21333,Original Whipped Cream Cheese,3.346,3.346,2.165,0.5004
21334,Organic Peeled Garlic,9.843,7.087,3.15,3.0
21344,Multigrain Sandwich Bread,5.512,4.724,9.843,1.4991
21367,Wild Sardines in Spring Water,4.055,2.953,1.496,0.2656
21372,Lotion With Aloe & E Upright Facial Tissue,4.921,4.921,9.646,0.9039
21386,Smartwater,2.953,2.953,12.402,2.2046
21392,Coffee Cold-Brew Espresso,2.953,2.953,9.449,2.0856
21394,Light Imported Beer From Mexico,6.102,8.071,9.252,4.6958
21397,Beyond Grain Free Wild Salmon Recipe Wet Cat Food,2.953,2.953,1.772,0.3439
21403,Lemon Grass,2.362,4.724,11.811,0.2491
21405,"Organic Red Radish, Bunch",2.362,5.906,9.055,0.9921
21417,Organic Creamy Tomato Soup,2.559,4.134,4.528,0.9061
21436,Simply Strawberry Coconut Milk Minis Frozen Dessert,4.724,3.937,1.969,0.7937
21497,White Sandwich Bread,5.118,3.937,6.102,1.25
21506,Organic Raisin Bran Cereal,7.48,2.362,11.024,0.75
21573,Roasted Pine Nut Hummus,4.724,4.724,2.362,0.6239
21615,Pineapple on the Bottom Low-Fat Greek Yogurt,2.165,2.953,2.362,0.3307
21616,Organic Baby Arugula,1.969,5.906,7.874,0.3125
21632,Butterfinger Ice Cream,3.346,6.496,4.134,1.0428
21653,Compostable Forks,1.969,5.512,9.449,0.3968
21661,Organic Clover Sprouts,2.165,4.724,6.299,0.25
21677,Baby Powder,2.559,2.953,7.087,0.7496
21683,Organic Multigrain English Muffins,6.693,5.512,2.756,0.7496
21694,Mini Classic Ice Cream,7.874,5.512,2.362,0.5622
21709,Sparkling Lemon Water,3.15,3.15,11.811,2.2046
21782,Baked Whole Grain Wheat Fire Roasted Tomato & Olive Oil Crackers,2.756,7.48,1.969,0.3748
21791,Mini Whole Wheat Pita Bread,9.055,7.087,2.362,0.625
21793,Original Wheat Thins Crackers,2.756,7.48,1.969,0.5622
21822,Chicken Wings Family Pack,7.874,10.63,1.969,1.9996
21833,Herbs Chives,1.575,3.15,9.843,0.0617
21849,Original Scent HE Laundry Detergent,5.118,7.874,12.205,6.6139
21872,Organic Italian Salad,5.906,7.48,2.362,0.3131
21889,Fresh Shower Daily Shower Cleaner,2.559,3.937,10.63,1.8254
21903,Organic Baby Spinach,3.0,7.799,10.0,0.3125
21914,Peanut Butter & Jelly Fruit & Nut Food Bar,5.512,2.362,0.984,0.1058
21925,50/50 Mix Spring Mix and Baby Spinach Salad Blend,7.48,6.299,2.756,0.3131
21927,Organic Boneless Skinless Chicken Breast,11.811,8.661,3.15,3.8581
21938,Green Bell Pepper,3.937,3.15,3.543,0.3263
21955,All Natural Marinara Pasta Sauce,2.953,2.953,6.693,1.4991
22008,Pepperjack Style Shreds,1.969,5.512,7.874,0.4437
22021,Low Fat Key Lime Blended Greek Yogurt,2.953,2.953,2.362,0.3307
22025,YoBaby Blueberry Apple Yogurt,5.906,3.15,2.362,0.8752
22034,Rosemary,1.575,1.575,3.937,0.0463
22035,Organic Whole String Cheese,4.016,5.984,2.008,0.3704
22046,Frozen Whole Strawberries,2.992,7.52,10.984,2.0
22053,Fruity Pebbles Rice Cereal,2.52,7.52,12.008,0.6856
22054,Issimo Cappuccino Iced Coffee Drink with Lowfat Milk and Cocoa,2.52,2.52,7.52,0.7496
22106,Organic Low Sodium Beef Flavored Broth,2.559,2.559,7.48,2.0856
22115,Sonoma Handmade Style Corn Tortillas,9.055,7.874,1.575,0.6614
22124,Total 0% Raspberry Yogurt,2.953,2.953,2.165,0.3307
22142,100% Pure Pumpkin,2.992,4.016,4.016,0.9375
22144,Original Cooking Chicken Stock,2.598,2.598,9.409,1.9996
22151,Tart Cherry Yoghurt,2.992,2.992,2.283,0.3748
22153,Scalloped Potatoes,2.008,5.984,7.992,0.75
22186,Peanut Butter Creamy,2.85,2.85,5.0,1.0
22195,Kit's Organic Dark Chocolate Almond Coconut Fruit & Nut Bar,0.787,2.165,5.512,0.0882
22217,Vegetable Korma,2.756,2.756,4.331,0.6239
22227,Coconut Cream Pie,11.024,11.024,3.15,2.625
22240,Strawberry Licorice Twist,7.874,5.906,1.575,0.3131
22247,Organic Chives,5.906,3.937,1.575,0.0617
22255,Organic Nonfat Greek Yogurt With Lemon,3.15,3.15,2.362,0.3307
22276,Black Bean Veggie Burger,1.969,7.087,9.055,0.6261
22278,Zero Laundry Detergent Fragrance Free,3.937,3.937,10.63,3.3069
22281,Chicken Noodle Soup,3.937,3.937,3.15,1.5
22282,"Ultra Soft Bathroom Tissue, Double Rolls",7.48,7.48,8.268,1.9842
22307,"Crackers, Puffed, Lightly Salted Brown Rice",5.512,2.362,8.268,0.2183
22340,Fig Newtons,1.74,6.799,3.591,0.625
22343,Tea Tree Oil Dental Floss,0.984,2.756,5.512,0.0066
22372,Organic Throat Coat Herbal Tea,2.362,3.937,6.299,0.0882
22390,Organic Raw Sprouted Pumpkin Seeds,2.165,5.512,8.268,0.5004
22395,Tomato Sauce,2.559,2.953,4.528,0.937
22396,Digital Pregnancy Test,1.181,3.15,6.693,0.0551
22400,"Peanut Butter, Classic",3.0,3.0,4.902,1.0
22417,Organic Chocolate Cake Mix,2.953,2.165,4.724,0.9524
22470,"Might 4 essential nutrition blend spinach, cherry, oats, black beans",2.559,1.772,5.512,0.2491
22474,Cheddar Bunnies Snack Crackers,2.756,5.906,8.661,0.5004
22475,Jicama,5.906,5.906,5.906,2.9983
22501,Gluten Free Sweet Potato Ravioli,7.48,5.512,1.575,0.5622
22504,Organic Mountain Forest Amber Honey,2.756,2.756,5.118,0.7496
22533,Honey-Herb Drops Cough Suppressant,1.969,1.969,3.543,0.1323
22548,Coldbrew Coffee Pops,3.15,5.512,2.362,0.6614
22551,Chicken Strips & Fries Tasty American Favorites,7.48,5.906,1.772,0.8818
22559,Kitchen Cheese Enchilada,7.48,5.906,1.772,0.6614
22587,Organic Cut Spinach,1.118,6.0,5.0,0.625
22677,Vegan Margherita Pizza With Daiya Cheeze,1.772,12.598,12.598,1.0009
22678,Baby Fresh Pampers Baby Wipes Baby Fresh,3.15,4.528,7.874,0.5732
22695,Steamfresh Super Sweet Corn,1.772,6.496,8.268,0.7496
22699,Steamfresh Premium Selects Broccoli Florets,1.772,6.496,8.268,0.7496
22782,Original Key Lime Pie Yogurt,2.953,2.953,2.362,0.3307
22790,French Onion Soup,7.48,5.512,1.575,1.25
22795,100% Whole Wheat Hamburger Buns,8.661,5.512,3.937,0.875
22802,Mineral Water,3.15,3.15,11.024,2.2046
22825,Organic D'Anjou Pears,3.937,2.756,2.756,0.366
22827,Organic Black Mission Figs,7.087,5.118,1.969,0.7496
22832,Unsweetened Pomegranate Essence Water,2.756,2.756,9.646,1.1729
22849,Bunny-Luv Fresh Organic Carrots,9.843,7.087,3.15,1.0009
22853,Pesto Pasta Salad,3.346,5.906,1.969,0.625
22888,90% Lean Ground Beef,4.331,7.087,1.772,1.0
22890,Toll House Semi-Sweet Chocolate Morsels,2.362,3.15,7.087,0.7496
22908,Sesame Street Organic Homestyle Mini Pancakes,1.772,7.087,9.055,0.5004
22917,Kit's Organic Dark Chocolate Walnut Fruit & Nut Bar,0.709,1.969,5.709,0.0882
22922,Organic Canola Oil,2.953,2.953,11.024,2.8792
22935,Organic Yellow Onion,3.15,3.15,3.15,0.3263
22959,Reduced Fat Milk 100% Lactose Free,2.953,2.953,9.646,2.0856
22963,Organic Roasted Turkey Breast,1.969,5.512,7.874,0.7496
23001,Genuine Brewed Rice Vinegar,2.362,2.362,10.236,0.8333
23005,93% Lean Ground Turkey,2.165,6.102,9.055,1.0
23039,Fat Free Cream Cheese,2.165,3.937,1.969,0.5
23044,Cream Top Smooth & Creamy Vanilla Yogurt,2.598,2.598,3.5,0.375
23046,100% Natural No Salt Added Tomato Sauce,2.638,4.134,4.134,0.937
23047,Sesame Roasted Seaweed Snacks,0.394,4.724,7.087,0.011
23054,Whole Wheat Sourdough,5.118,7.087,5.906,1.375
23088,White Cheddar Jalapeno Gourmet Popcorn,3.937,7.087,10.63,0.3748
23175,Lemon Lime Soda Mini Cans,5.315,7.874,5.315,2.8131
23198,Organic Chicken Drumsticks,9.055,5.906,1.772,1.9996
23208,Key Lime Juice,2.165,2.165,6.299,0.5203
23219,Nutz Over Chocolate,1.969,5.512,7.48,0.3748
23234,Ultra Strong Unscented 2-Ply Bathroom Tissue,9.449,7.874,9.055,1.9996
23236,Chopped Spinach,1.35,5.5,4.22,0.625
23265,Chives,1.575,1.575,9.843,0.0617
23276,Soup and Oyster Crackers,7.874,3.15,10.63,0.5625
23288,Distilled Water,3.543,3.543,11.417,8.3445
23322,Golden Delicious Apple,3.543,3.543,3.937,0.5335
23334,Protein Zone Double Berry Juice Smoothie,2.165,2.756,7.677,0.9921
23338,Raspberry Fruit Spread,2.756,2.756,4.724,0.9375
23339,Sweet Corn On The Cob,7.874,3.937,2.756,1.1023
23341,Large Grade AA Eggs,10.63,9.449,2.756,1.5
23362,Toastable Apple Cinnamon Fruit & Grain Buns,7.087,3.15,3.15,0.6614
23375,Marinara Sauce,3.5,3.5,6.661,1.5
23383,Super Natural Organic Whole Milk,3.937,3.937,10.236,4.2329
23400,Organic Premium Tomato Paste,2.559,2.559,4.331,0.3748
23405,Pure Baking Soda,7.48,4.921,2.165,1.0009
23416,"Fresh Frozen Strawberries, Blueberries & Cherries with Kale",11.024,7.874,1.969,0.6239
23427,Organic Wildberry Yogurt,10.63,2.756,3.15,1.3228
23513,Relaxing Lavender Mineral Bath,3.15,3.15,9.449,2.2046
23516,Organic Unbleached All-Purpose Flour,3.937,2.756,8.661,5.0001
23537,Light Brown Sugar,3.937,2.756,8.661,2.0
23541,Veri Veri Teriyaki Marinade & Sauce,2.165,2.165,8.071,1.3029
23554,Organic Vanilla Bean Ice Cream,3.937,3.937,6.496,2.0856
23580,Outshine Lime Fruit Bars,6.299,3.937,1.772,0.5952
23619,Brownie Crunch Bar Dark Chocolate,5.512,1.969,0.787,0.0882
23645,Sour Cream & Onion Potato Chips,7.874,5.906,3.15,0.5
23648,Maxi Super Long Wrapped Pads,4.724,3.937,6.299,0.3968
23678,Original Yogurt Caramel,2.756,2.756,3.74,0.3748
23679,Bernie's Farm Cheddar Crackers,2.362,5.906,8.268,0.5004
23719,Chicken Tortilla Soup,2.756,6.102,7.874,1.5
23723,Traditional Chickarina Chicken Soup with Meatballs,2.559,3.15,4.331,0.937
23734,Sour Cream,4.331,4.331,3.346,1.0
23765,Organic Smoked Turkey Breast,1.575,5.512,7.874,0.5004
23783,"Almond Coconut Bar, Organic",2.362,5.512,7.874,0.3748
23785,Baby Kale Mix,3.15,7.087,9.843,0.3131
23801,Fusilli No. 34,3.382,5.201,7.11,0.9987
23803,Jalapeno Pepper,1.181,1.181,5.512,0.0992
23817,ActiveDry Yeast,1.575,1.575,2.756,0.0463
23836,Mint Chocolate Chip,7.874,5.906,2.362,1.0318
23866,Multi-Purpose Household Cleanser & Polish,2.756,2.756,9.449,1.0428
23962,Lactose Free Reduced Fat 2% Milk,3.937,3.937,10.827,8.598
23970,Beef Empanada,5.118,3.937,1.575,0.3748
23986,Grassfed Whole Milk Plain Yogurt,3.937,3.937,4.331,2.0503
24010,Wheat Gluten Free Waffles,7.874,2.362,5.512,0.463
24024,1% Lowfat Milk,3.882,3.882,9.441,4.3651
24030,Premium Organic Concord Grape Spread,2.756,2.756,5.118,1.1244
24082,Organic Dark Sweet Cherries,11.811,7.874,3.15,4.0
24102,Bold Salt 'n Vinegar Almonds,2.756,5.906,8.268,0.3748
24107,Organic Whole Grain,3.543,4.724,7.087,1.4991
24118,Vegan Big Cup Pad Thai Noodle Soup,3.543,3.543,4.724,0.1411
24125,Olive Bread,11.024,5.118,4.331,1.25
24142,Broccoli Cuts,1.949,11.15,6.701,1.0
24160,Organic Whole Wheat Tortillas,3.937,7.874,9.843,0.7804
24180,Far Out Fudge Veggie and Fruit Pops,7.874,5.512,1.969,0.6614
24184,Red Peppers,3.937,3.15,3.15,0.3968
24186,Slim Can Pink Grapefruit Natural Mineral Water,2.598,2.598,4.803,0.7826
24221,Organic Red Grapes,7.087,5.118,3.15,1.0009
24224,Pepper Multiseed Crackers,8.268,5.512,1.969,0.3748
24235,Honey Wheat Enriched Bread,5.118,4.331,7.087,1.5
24263,Organic Fettuccine,2.165,6.693,9.449,0.75
24267,Orange Seltzer Water,2.559,2.559,10.63,0.7826
24294,Solid White Albacore Tuna in Water,3.358,3.358,1.339,0.3125
24303,Spicy Mango With Jalapeño Smoked Chicken Sausage,2.756,5.906,1.772,0.7496
24382,Ranch Dressing,2.756,2.559,7.677,0.75
24390,Pomegranate,3.937,3.937,3.543,0.6614
24427,Snacks String Cheese Natural Mozzarella Cheese,7.087,5.512,1.969,0.5556
24466,Moroccan Red Clay and Argan Stem Cell Pore Minimizing Facial Scrub,1.969,1.969,7.087,0.3131
24489,Organic Whole Strawberries,9.449,5.906,1.969,1.0009
24499,Clasico Nacho Chipotle Tortilla Chips,11.811,7.874,3.15,0.6239
24504,Blueberry Cultured Coconut Milk,2.953,4.134,6.496,1.1023
24507,Sun-Ripened Dried Tomatoes,2.756,2.756,4.528,0.6283
24518,Gluten Free Lemonzest Nutrition bar,0.787,2.953,6.102,0.0882
24535,Plain Whole Milk Yogurt,4.559,4.559,5.35,2.0
24549,Organic Greens And Kale,5.512,3.937,1.575,0.3131
24561,Organic Cheese Frozen Pizza,12.992,12.992,1.969,1.9996
24563,Natural Pepper Jack Cheese,4.724,3.15,1.181,0.5
24615,Natural Sharp Cheddar Cheese Chunk,2.756,3.937,2.756,0.5004
24622,Green Cabbage,6.299,6.299,6.693,2.2223
24629,Sweet Mini Sub Rolls,3.937,7.874,4.724,0.7496
24673,Mild Kimchi,2.756,2.756,5.906,0.875
24721,Cinnamon Raisin English Muffins,3.15,5.512,7.48,0.75
24735,Red Velvet Cake Ice Cream,3.937,3.937,4.724,1.1023
24749,13 Gallon Tall Drawstring Kitchen Bags,3.15,7.087,9.449,0.9921
24764,Crushed Garlic,1.575,3.543,5.118,0.2205
24799,Vanilla Skyr Nonfat Yogurt,2.598,2.598,3.5,0.375
24914,"Cheese, Panela",3.937,3.937,2.362,1.0009
24954,Total 0% with Honey Nonfat Greek Strained Yogurt,2.756,2.756,2.362,0.3307
24964,Organic Garlic,2.165,2.165,2.362,0.0992
25005,Organic Green Lentils,2.362,3.937,8.268,1.0
25043,Instant Oatmeal Variety Pack,7.48,5.512,2.362,0.875
25072,Organic Cheddar Snack Mix,1.969,6.299,9.055,0.5004
25084,Philadelphia Whipped Cream Cheese Spread with Chives,3.937,3.937,2.362,0.5004
25089,Whole Cloves,1.378,1.378,3.543,0.0388
25093,Colby Jack Cheese,4.724,3.15,1.181,0.5
25105,Organic Ground Golden Flax Seeds,9.055,5.906,1.969,1.0009
25126,Ancient Heirloom Popcorn,2.756,7.087,10.63,1.0009
25132,Ice Cream Bars,2.756,5.906,7.874,0.7937
25133,Organic String Cheese,2.756,5.512,9.449,1.4991
25138,Organic Plain Greek Whole Milk Yogurt,3.74,3.74,2.26,0.3312
25146,Original Orange Juice,2.559,3.543,6.693,3.4172
25197,Iced Oatmeal Cookie Kid Z Bar,1.969,5.512,7.874,0.4762
25199,Classic Chicken Salad,6.299,4.724,2.362,0.75
25256,Cultured Low Fat Buttermilk,3.543,2.559,7.677,2.1495
25407,Mashed Potatoes,2.756,5.906,7.874,1.5
25416,4 Kids Cold n' Cough Syrup,1.969,1.969,5.512,0.2756
25422,Peanut Butter Crunch Cereal,3.15,7.677,12.008,1.3125
25424,Cayenne Cleanse Kombucha,2.559,2.559,9.252,1.1023
25435,Original Lemonade,2.559,2.559,9.252,1.1023
25466,Water,2.559,2.559,8.858,1.1023
25476,Classic Recipe Chicken & Stars Condensed Soup,2.953,2.953,4.134,0.657
25513,Boomchickapop Sea Salt Popcorn,2.756,7.087,9.843,0.2756
25539,Muenster Cheese Slices,3.15,5.906,1.969,0.5
25544,Fresh Cut Golden Sweet Whole Kernel Corn,3.15,3.15,4.331,0.937
25551,Big Sur Breakfast Burrito,5.512,3.15,1.772,0.5622
25558,Issimo Latte Macchiato Iced Coffee Drink with Milk,2.559,2.559,7.48,0.7716
25623,Real Guacamole,5.906,5.906,2.165,0.75
25640,White Peach,3.15,3.15,2.953,0.3241
25653,Organic Plain Yogurt,5.512,5.512,3.937,1.9996
25659,Organic Coconut Milk,4.5,4.5,10.252,3.1747
25671,Clean Mint Zero Mouthwash,2.756,2.756,9.843,2.2046
25686,Super Soft Flour Tortillas Fajita Size 20 ct,9.843,7.874,2.756,1.25
25706,Hazelnut Bromstad Design Liquid Coffee Creamer,2.756,3.543,9.843,2.1275
25713,Smart Ones Anytime Selections Mini Cheeseburger,7.48,5.512,1.575,0.4057
25718,Cold Brew Coffee,2.362,2.362,7.874,0.7165
25720,Organic Sunchoke,7.874,5.512,2.362,1.0009
25804,Original Soy Milk,4.0,4.0,9.5,4.1667
25817,Zero Calorie Grape Soda,4.331,4.331,12.992,4.4092
25824,Pita Chips Simply Naked,3.15,7.48,11.417,0.5004
25837,Mini Babybel Light Semisoft Edam Cheeses,3.346,3.346,2.165,0.3968
25860,Porterhouse Steak Flavor In Meaty Juices Wet Dog Food,1.575,2.953,3.937,0.8245
25878,Medium Picante Salsa,3.937,3.937,8.661,4.0
25890,Boneless Skinless Chicken Breasts,9.843,7.874,2.362,3.0
25931,Organic Baby Spinach Salad,3.0,7.799,10.0,0.3125
25938,Peru Sweet Onions,3.15,3.15,3.543,0.3968
25952,Original Potato Chips,4.016,7.992,12.008,0.5
25985,Chicken & Apple Smoked Chicken Sausage,3.504,7.008,2.52,3.0
26033,Spreadable Lite Butter Flavored with Olive Oil,3.15,4.724,1.969,1.0009
26040,"Deli Fresh Honey Ham, 97% Fat Free, Gluten Free",1.496,5.906,7.874,0.5004
26088,Aged White Cheddar Popcorn,3.5,8.201,14.5,0.275
26094,Krave Cereal Chocolate,2.008,7.677,11.614,0.7033
26104,Frozen Organic Mango Chunks,2.165,3.15,9.055,1.0
26128,Organic Mango Chunks,11.811,7.874,3.15,5.0
26131,Mixed Berries Whole Milk Icelandic Style Skyr Yogurt,2.953,2.953,2.362,0.3307
26152,Granulated Sugar,9.055,5.512,2.756,4.0
26165,Electrolyte Enhanced Water,2.756,2.756,9.843,1.3029
26177,Organic Honey Nut O's Cereal,3.15,7.48,11.024,0.7496
26209,Limes,2.165,2.165,1.969,0.1477
26221,Skinny Cow Vanilla Low Fat Ice Cream Sandwiches,7.874,5.906,3.15,0.6261
26282,"Organic Snack Mix Bunnies Snack Mix, Organic",3.15,5.906,9.055,0.3131
26283,White Corn,7.087,1.969,1.969,0.2205
26300,Spaghetti Protein Plus Pasta,1.969,3.15,7.874,0.8752
26312,Caesar Salad Kit,3.15,7.48,5.906,0.6129
26313,Pad Thai Noodles,1.772,5.906,9.055,0.5
26317,Organic Lemonade,2.756,2.756,9.843,2.2399
26321,Greek Yogurt Caesar Kit,3.15,7.48,5.906,0.7496
26324,Grass Fed Ground Beef,5.512,7.874,1.969,1.0
26348,Mixed Fruit Fruit Snacks,1.748,5.748,7.5,0.5
26351,Gluten Free Mini Pretzels,2.362,7.087,9.843,0.5
26355,Doctor Formulated Probiotic Mood 50 Billion,2.362,2.362,4.331,0.0331
26364,"Kefir Cultured Milk Smoothie, Whole Milk, Sublime Slime Lime",2.165,2.165,7.087,0.5291
26369,Organic Roma Tomato,2.953,1.969,1.969,0.2205
26377,Creamy Chocolate Vanilla Pudding,5.906,3.937,2.756,0.8752
26384,Large Brown Eggs,11.811,9.843,2.756,1.5
26405,XL Pick-A-Size Paper Towel Rolls,21.654,11.024,5.118,3.3069
26442,Medium Thick & Chunky Salsa,3.15,3.15,5.118,1.0
26452,Dairy Free Gluten Free Cheeze Lover's Pizza,12.205,12.205,1.575,0.8818
26453,Organic SprouTofu Royal Thai Baked Tofu,5.512,3.937,1.575,0.873
26475,Sensitive Facial Cleansing Towelettes,4.724,3.15,1.969,0.3968
26497,Romaine Lettuce,3.937,5.906,11.811,1.1905
26540,Organic All Vegetable Shortening,4.134,4.921,6.89,1.4991
26579,Organico Bello Spicy Marinara Pasta Sauce,3.346,3.346,6.693,1.4991
26583,Oven Bags,1.181,5.118,7.874,0.0772
26604,Organic Blackberries,4.921,4.921,2.559,0.3748
26606,Simply White Natural Clean Mint Fluoride Toothpaste,1.772,2.756,7.677,0.2491
26620,Peach Pear Flavored Sparkling Water,8.071,5.512,10.63,7.4957
26629,Cherry Pie Fruit & Nut Bar,0.787,2.362,4.724,0.0882
26634,"Cookies, Chocolate Chip Walnut",3.0,4.748,8.5,0.4687
26683,Cafe Latte Pure Lightly Sweetened Iced Coffee With Almond Milk,2.362,2.362,6.693,0.743
26700,Pesto Cheese Tortellini,1.772,7.087,5.118,0.5622
26738,Original Cold Brew  Coffee With Milk,2.559,2.559,6.693,0.7826
26771,Light Coffee with Milk Medium Roast Iced Coffee,2.559,2.559,7.087,0.7496
26790,Organic AppleApple,2.953,2.953,4.331,0.9061
26800,Organic Baby Kale Mix,3.15,7.087,9.449,0.3131
26862,Frozen Orange Juice,2.756,2.756,6.89,1.9996
26863,Original Frosted Mini Wheats Little Bites,2.362,7.48,11.22,1.1244
26881,Breaded Chicken Breast Patties,3.15,10.236,7.087,2.25
26882,Russet Potatoes,2.953,2.362,1.969,0.3263
26889,Vegetable Broth,2.756,2.756,4.134,0.1455
26900,USDA AA Extra Large Eggs,6.89,4.528,2.559,1.5873
26915,Organic Lowfat Yogurt Banana Vanilla,2.598,2.598,3.5,0.375
26932,Turbinado Cane Sugar,9.449,5.906,7.874,4.0
26940,Organic Large Green Asparagus,11.024,3.937,1.969,1.0009
26965,Fruit Horns,7.874,5.906,3.15,0.6614
26972,Butter Pecan Frozen Dairy Dessert,6.299,6.299,6.693,2.9983
26981,Bean & Rice Chips Nacho,3.937,7.874,11.811,0.5622
27000,Grassfed Whole Milk Vanilla Yogurt,2.598,2.598,3.5,0.375
27045,All Natural Sour Cream,4.921,4.921,2.362,1.0
27086,Half & Half,2.756,2.756,9.449,2.1473
27104,Fresh Cauliflower,5.906,5.906,5.906,1.3228
27124,The Original Whole Bean Coffee,2.748,4.02,7.012,0.6875
27156,Organic Black Beans,2.953,2.953,8.858,0.9375
27219,Chicken Tortilla With Red Quinoa Soup,2.953,2.953,4.331,1.1596
27229,Hoisin Sauce,2.362,2.362,9.055,1.0
27241,Cultured Pasture Butter,5.0,2.992,2.52,0.5004
27243,Premium Pure Cane Granulated Sugar,2.756,4.134,7.874,0.9987
27275,Pineapple Strawberry Sparkling Water,8.465,11.024,6.496,9.3762
27278,Ziti Bolognese Pasta Bowl,7.48,6.102,1.772,0.5622
27288,Chocolate Chip Cookie Dough,2.362,5.709,8.661,1.0
27363,Green Curry Paste,2.362,2.362,2.953,0.2513
27370,Bandito Mild Salsa,2.756,2.756,5.512,1.0009
27395,Original Low Fat Orange Cream Yogurt,2.953,2.953,2.559,0.3307
27454,Organic Mini Sandwich Crackers Cheddar Cheese,1.969,5.512,7.874,0.5004
27521,Organic Lacinato (Dinosaur) Kale,11.811,7.874,3.15,0.4409
27531,Dairy Free Unsweetened Vanilla Coconut Milk,3.15,3.15,9.449,2.0657
27544,Lemon Verbena Hand Soap,2.362,2.756,7.48,0.7826
27548,Original Semisoft Cheese,4.724,3.543,1.181,0.5004
27554,Gluten Free Blueberry Muffins,7.874,5.906,3.15,0.75
27555,Organic Dried Granny Apple Chips,2.362,5.512,8.268,0.1874
27598,Coconut Water Pineapple,2.559,2.559,8.858,1.1023
27612,90 Calorie Lemon Bars,2.165,6.102,7.874,0.3748
27662,Large Grade AA Cage Free Eggs,11.811,9.843,2.756,3.0
27663,GOLEAN Crunch! Cereal,7.874,2.362,11.811,0.8444
27676,Pinto Beans,2.953,2.953,4.528,0.9375
27681,Lower Sugar Instant Oatmeal  Variety,7.874,3.15,10.63,0.525
27683,Black Beans No Salt Added,2.953,2.953,4.528,0.9375
27690,Apple Cinnamon GoGo Squeez,5.512,1.969,6.693,0.7937
27694,Constant Comment Black Tea Bags,3.15,2.362,5.118,0.0882
27695,Natural Chicken & Sage Breakfast Sausage,7.874,5.512,1.575,0.7496
27705,Icelandic Style Skyr Non-Fat Strained Plain Yogurt,4.331,4.331,5.906,1.4991
27714,Gummy Bears,5.906,1.969,9.055,0.5
27730,Almond Breeze Original Almond Milk,2.559,3.543,9.252,4.2329
27735,Organic Coconut Palm Sugar,3.543,7.087,11.024,4.625
27744,Organic Whipping Cream,2.756,2.756,7.48,1.0428
27750,Sour Batard,11.024,5.118,3.543,0.9921
27757,Beef Salami,1.772,4.724,7.087,0.375
27778,Lemon Echinacea Organic Throat Coat Tea,2.362,3.15,5.512,0.0948
27790,Small Curd Lowfat 2% Milkfat Cottage Cheese,4.016,5.984,4.016,1.4991
27796,Real Mayonnaise,2.362,3.465,8.071,0.7188
27826,Coastal California Wildflower Honey,2.559,2.559,7.283,0.7496
27845,Organic Whole Milk,3.748,3.748,9.5,4.2108
27864,Butter Croissant,5.512,3.543,2.362,0.1874
27874,Apple Sauce Pouches,3.937,2.362,7.087,0.7937
27881,"Olives, Organic, Kalamata, Pitted",2.953,2.953,4.724,0.3748
27930,Real Pure Acai,5.512,3.543,1.378,0.7496
27941,All-In-1,2.953,5.315,7.48,0.7937
27945,"Mozzarella String Cheese Sticks, Light Low-Moisture Part Skim",2.362,5.709,8.661,0.7496
27949,Avocado Oil Canyon Cut Kettle Cooked Potato Chips Sea Salt,3.15,7.48,11.024,0.3131
27966,Organic Raspberries,4.921,4.921,1.772,0.375
28058,Gluten Free Sliced Mountain White Bread,4.724,5.709,7.087,1.25
28106,Organic Tri-Colored Peppers,2.756,7.087,9.843,0.7496
28123,Organic Cut Green Beans,1.969,7.087,9.449,1.0009
28134,Grain Free Turkey Canned Cat Food,1.575,4.134,4.134,0.3439
28137,Chicken & Vegetable Dumplings Potstickers,2.165,10.63,7.874,1.4991
28155,Premium Lager Beer,7.874,5.315,6.693,4.6914
28156,Total 0% Nonfat Plain Greek Yogurt,3.74,3.74,2.26,0.3312
28226,Power Grains Waffles 6 ct,7.48,5.512,1.772,0.5622
28228,Mesquite Smoked Turkey Breast,1.949,6.449,5.5,0.5625
28232,Ripe Sliced Olives,2.165,2.165,3.74,0.1406
28263,Mexican Seasoning,0.252,4.0,6.0,0.0625
28264,Spicy Kimchi Noodle Bowl Soup,4.724,5.512,3.937,0.2425
28269,Chickpea & Tomato with Beef Stage 3 Baby Food,1.772,2.559,4.331,0.2491
28278,Organic Penne Rigate,7.48,2.756,9.449,1.0009
28281,Variety Pack Ice Cream Bars,2.953,7.874,6.299,0.7937
28289,Organic Shredded Carrots,1.969,5.906,7.874,0.7496
28296,Lemon Lime Sparkling Water,7.874,5.315,8.661,9.6562
28326,Organic Gotta Have Vanilla Nonfat Frozen Yogurt,3.937,3.937,6.299,1.1023
28331,Chicken Stew Natural Food for Dogs,3.937,3.937,1.181,0.8135
28358,Chocolate Chip Vegan Cookie Dough,3.15,5.906,1.772,1.0009
28364,Honey BBQ Glazed Chicken Wings,1.969,7.874,5.906,1.0009
28373,Original Rotisserie Chicken,4.016,9.488,7.008,2.0
28375,Natural Cedar Scent Toilet Cleaner,2.283,2.756,9.843,1.5653
28378,Stage 2 Sweet Potato Corn & Apple Baby Food,1.89,2.835,4.921,0.2491
28380,Organic Grass-Fed Real Aged Cheddar & Macaroni Shells,2.165,5.512,7.48,0.3748
28436,Deviled Egg Tray,7.48,5.512,1.969,0.7496
28439,Grape Fruit Ice Bars,2.362,5.906,7.087,0.8995
28441,Chick'n Nuggets,2.362,7.874,10.236,1.0009
28459,Golden Grahams Cereal,2.756,8.268,12.205,1.725
28465,Icelandic Style Skyr Blueberry Non-fat Yogurt,2.953,2.953,2.362,0.3307
28476,Organic Small Curd Cottage Cheese,4.331,4.331,2.756,1.0009
28491,Butter Candies,1.575,5.512,7.874,0.4365
28535,Cucumber & Garlic  Tzatziki,2.756,3.937,3.15,0.5004
28553,Whole Strawberries,2.953,6.496,8.268,1.0
28568,Spinach Dal Indian Cuisine,2.756,3.937,6.299,0.6239
28570,Sundried Tomato Organic,2.165,4.331,6.693,0.2491
28593,Reduced Fat 2% Chocolate Milk,3.189,2.598,7.52,2.0856
28597,Organic Stoneground Wheat Crackers,2.992,7.992,2.52,0.5004
28601,Collard Greens,5.984,7.992,5.0,1.0009
28634,Hard Salami,2.059,4.37,5.118,0.5
28721,Classico Pure Olive Oil,2.756,2.756,11.417,1.5058
28745,Oven Roasted Turkey,2.799,7.701,5.5,1.375
28769,Organic Apple Chicken Sausage,1.969,5.512,7.874,0.7496
28785,Organic Tahini,2.559,2.559,5.512,1.0
28797,Gluten-Free Edamame,1.969,6.299,9.055,0.7496
28826,Parchment Baking Paper,12.992,2.559,2.559,0.3748
28842,Bunched Cilantro,1.575,4.724,9.843,0.0617
28849,No Salt Added Black Beans,2.913,2.913,4.409,0.9375
28900,Black Label Center Cut Bacon,8.661,5.906,1.575,1.0009
28906,Kale Blazer Juice,2.559,2.559,9.055,1.0428
28909,Anytime Favorites Hickory Smoked Boneless Ham Steak,6.299,4.724,1.575,1.0009
28918,Marcona Almonds,1.969,4.724,7.48,0.375
28921,Original,6.299,6.299,5.906,3.1967
28928,Uncured Black Forest Ham,0.5,6.89,8.272,0.4375
28931,Honey Bunches of Oats Honey Roasted Cereal,2.953,7.48,11.811,1.1244
28934,Frozen Broccoli Florets,1.969,7.874,11.024,0.7496
28946,Yogurt Tubes Blueberry,2.362,4.724,6.299,1.25
28949,Switzerland Swiss Cheese,1.575,3.937,7.087,0.5004
28974,Habanero Pepper,2.756,1.181,1.181,0.0331
28985,Michigan Organic Kale,11.811,7.874,3.15,0.4409
28986,Mild Italian Chicken Sausage,9.055,5.906,1.969,1.25
28989,Prickly Pear Water,2.559,2.559,8.661,1.1464
29034,Select-a-Size Rolls Paper Towels Tissue,4.724,9.449,11.024,1.5432
29064,Black Cherry Water,3.15,3.15,11.024,2.2046
29066,Beyond Chicken Grilled Strips,2.362,7.087,9.055,0.5004
29079,Seasoning Curry Powder,1.575,2.165,4.134,0.0617
29140,Coke Life,2.559,2.559,8.661,1.1464
29172,Keurig Vanilla Biscotti Coffee K Cups,5.512,4.724,3.937,0.2116
29192,Lean Beef Salami,5.906,3.937,1.575,0.5004
29223,Golden Pineapple,7.087,7.087,9.843,1.5432
29243,in 100% Juice Mixed Fruit,2.953,2.953,4.331,0.937
29270,Beet Apple Carrot Lemon Ginger Organic Cold Pressed Juice Beverage,2.559,2.559,7.48,0.7826
29272,Steamfresh Protein Blends Southwest Style Frozen Meal,1.575,7.087,9.055,0.6239
29307,Baby Arugula,5.512,7.087,2.362,0.3125
29311,Organic California White Basmati Rice,2.953,6.693,9.843,1.9996
29397,Chickpeas! Penne Pasta,2.362,5.512,8.268,1.0009
29398,Organic Seedless Watermelon,9.843,9.843,11.811,9.9208
29418,Fluoride-Free Antiplaque & Whitening Peppermint Toothpaste,2.165,2.559,7.087,0.2491
29429,Crunch Berries Cereal,2.008,7.52,10.984,1.1244
29432,Original Crackers,1.969,6.693,9.449,0.4375
29439,"Wild Non-Pareil Capers, Sunkissed in the Mediterranean",2.165,2.165,4.724,0.2205
29447,"Milk, Organic, Vitamin D",4.134,6.496,10.827,8.576
29460,Hemp Seeds,2.559,4.921,7.087,0.5
29529,Lemon-Lime Soda,3.346,3.346,12.598,4.5856
29530,100% Oil-Free Eye Makeup Remover,1.772,1.772,6.496,0.3307
29553,Super Soft Taco Flour Tortillas,9.055,7.087,1.969,0.6239
29615,"Bread, Country Buttermilk",4.921,4.921,5.512,1.2478
29622,Spaghetti Brown Rice Pasta,2.165,3.15,7.48,0.7496
29623,Black Berry Hibiscus Beverage,2.559,3.937,9.252,3.4392
29646,Sweet & Salty Nut Peanut Granola Bars,2.165,6.299,8.465,0.5622
29662,Potato Yukon Gold Organic,5.906,4.724,3.15,1.9996
29694,Organic Coconut Oil,3.543,3.543,4.528,1.0009
29695,Craveables Chicken Club Panini,1.575,6.102,7.874,0.5004
29698,Snack Stacks! Original Potato Crisps,2.953,7.48,11.024,0.3748
29721,Hearty Coconut Curry Soup,2.638,4.016,4.409,0.937
29732,Red Grapes,2.992,5.984,7.992,1.9996
29736,Organic Light Corn Syrup,2.756,2.756,9.449,1.4991
29763,"Yogurt, Organic, Lowfat, Raspberry, 1-1/2% Milkfat",2.559,2.559,4.331,0.3748
29815,Bistro Burgers,7.874,5.906,1.969,0.7496
29898,Organic Spaghetti Pasta,11.024,3.15,2.756,1.0009
29921,Cheese Finely Shredded Mexican Four Cheese Blend,2.008,7.008,10.512,0.9987
29926,Roasted & Salted Almonds,2.598,6.402,8.598,1.0
29935,White Paper 8-12 Cups Basket Coffee Filters,2.008,5.236,9.409,0.1874
29941,Red Plums,2.559,2.559,2.362,0.1664
29987,Shredded Mozzarella,1.701,5.902,8.65,0.5
29993,Organic Low Fat Chocolate Milk,2.756,2.756,7.874,2.1473
30016,Lighty Breaded Fishies,1.969,7.48,9.843,1.0009
30021,Distilled White Vinegar,2.756,2.756,11.024,2.0856
30062,White Select-A-Size Paper Towels,10.63,5.118,11.024,1.1023
30064,Double Acting Baking Powder,2.559,2.559,5.709,0.625
30117,Salted Peanut Butter Filled Pretzels,4.724,7.48,2.362,0.7496
30146,Sierra Trail Mix Energy Bar,1.378,2.953,5.906,0.0882
30162,Teriyaki & Pineapple Chicken Meatballs,3.15,7.874,5.906,2.875
30169,Total 2% All Natural Plain Greek Yogurt,3.74,3.74,2.26,0.3312
30204,Coconut Spray Oil,2.559,2.559,9.252,0.3131
30219,Lactose Free Blueberry Yogurt,2.756,2.756,2.362,0.3748
30233,Organic Large Brown Grade AA Cage Free Eggs,8.661,6.299,2.756,1.4991
30247,Mighty Absorbent Paper Towels,5.118,10.236,9.449,1.9842
30251,All Natural Apple Juice Drink,2.953,3.937,8.858,4.277
30287,Ranch Original Topping & Dressing,2.756,2.756,9.843,1.0428
30290,100% Recycled Bath Tissue Rolls,15.354,7.874,9.055,3.3069
30305,Fancy Eggplant,7.874,3.543,3.543,0.6614
30307,Doubleshot Espresso & Cream Premium Coffee Drink,2.165,2.165,6.102,0.4365
30327,Organic Ice Cream Cones,3.346,4.724,9.055,0.2866
30388,Organic Forest Berry Cream On Top Whole Milk Yogurt,2.756,2.756,2.362,0.3307
30391,Organic Cucumber,1.772,2.559,7.874,0.6548
30422,Grapefruit,5.118,5.118,5.118,0.679
30442,Low Fat Vanilla Yogurt,3.346,4.134,7.48,2.0
30450,Creamy Almond Butter,2.756,3.346,5.118,1.0
30508,White Flesh Nectarine,2.756,2.756,2.756,0.3307
30511,Thin & Crispy Crust Four Cheese Pizza,12.205,12.205,1.772,0.8818
30517,Cut Corn,1.5,8.701,6.201,1.0
30543,Herring In Wine Sauce,3.346,3.346,5.906,1.625
30553,Original Snack Mix 40 Ounce,3.543,9.055,12.205,2.5
30561,Plain Bagelettes,9.055,5.906,3.15,1.125
30563,Strained Non-Fat Strawberry Icelandic Style Skyr Yogurt,2.953,2.953,2.362,0.3307
30591,Cinnamon Brown Sugar Breakfast Biscuits,2.756,6.102,8.071,0.549
30633,Veggie Cheese & Pretzel Snack Pac Prepacked,1.772,5.512,7.087,0.1257
30696,Eggo Homestyle Waffles,11.811,7.874,1.969,0.7694
30707,Organic Ground Chicken Breast,7.874,5.118,1.969,1.0
30720,Sugar Snap Peas,7.087,5.512,1.969,0.5004
30764,Cinnamon Raisin Bagels,3.15,7.48,5.512,1.25
30776,Organic Raw Kombucha Gingerade,2.756,2.756,9.055,1.0428
30795,Sesame Seaweed Salad,5.512,5.512,2.756,0.5004
30806,Olive Oil Rosemary and Garlic Oven Fries,2.165,7.48,10.236,1.25
30827,Seedless Cucumbers,2.756,7.087,9.449,1.0009
30849,Blueberries Pint,4.921,4.921,3.346,0.7496
30918,Whole Chicken,9.449,7.48,5.906,4.6
30919,Parchment Baking Sheets,1.969,12.992,1.969,0.3748
30953,Sliced Beets No Salt Added,2.953,2.953,4.331,0.937
30958,Honey Mustard and Onion Pretzels Pieces,3.15,6.299,9.843,0.7496
30960,Regular Pork Sausage Tube,7.874,2.756,2.756,1.0009
30962,Vanilla Greek Yogurt 0% Fat,3.74,3.74,2.26,0.3312
30967,Organic Frosted Flakes Cereal,7.48,2.165,11.024,0.75
30985,Sea Salt Snack Crackers,7.874,2.362,10.236,0.5622
30994,Talenti Double Dark Chocolate Gelato,4.016,4.016,7.008,1.0428
31017,One Press Seal Starter Set Variety Pack Containers,5.512,9.016,10.984,1.9996
31066,Aluminum Foil,11.811,1.969,1.969,0.7716
31075,Dark Chocolate Morsels,7.874,3.15,1.969,0.625
31100,ProBugs Whole Milk Kefir Orange Creamy Crawler,2.165,2.165,6.102,0.5004
31102,Sugar Free Energy Drink,2.598,2.598,6.614,1.0428
31151,Light Ricotta Cheese,4.331,4.331,2.756,0.937
31185,Red Beans & Rice New Orleans Recipe,1.378,5.118,7.087,0.549
31257,Vegan Chocolate Chip Mini Muffins,3.15,7.087,2.756,0.6239
31266,High Endurance Pure Sport Deodorant,4.331,2.559,6.496,0.1874
31279,Veggie Ground Crumbles,1.969,7.087,9.449,0.7496
31342,Organic SprouTofu Extra Firm Tofu,2.953,4.921,1.772,0.873
31343,Shredded Mild Cheddar Cheese,2.362,7.087,9.843,1.0
31371,Whole Wheat English Muffins,7.874,5.512,2.756,0.75
31372,Dark Brown Sugar,3.15,5.512,8.661,2.0
31404,Vanilla Yoghurt,2.953,2.953,2.362,0.3307
31423,Vegetable Classics Tomato Basil,2.756,4.134,4.331,0.9061
31433,Organic Cinnamon Crunch Cereal,2.953,7.48,11.811,0.7496
31437,Hearty Beef Barley RTS Soup,2.756,4.134,4.331,0.9061
31477,High Protein Bar Chunky Peanut Butter,1.575,3.937,7.087,0.7937
31487,Boomchickapop Sweet & Salty Kettle Corn,4.016,7.992,11.024,0.3131
31497,Raw Mixed Nuts,3.15,5.906,8.661,0.625
31506,Extra Virgin Olive Oil,2.362,2.953,11.024,1.6535
31523,Southwest Taco Seasoning Mix,0.591,3.937,5.906,0.0617
31553,Fresh Ginger Root,4.724,3.15,1.969,0.2491
31562,Sweet Onions,3.15,3.15,3.15,0.3263
31564,Crackers,7.874,2.756,1.969,0.5622
31572,Blends Lowfat Strawberry Yogurt 2% Milkfat,2.598,2.598,3.5,0.375
31605,Cheese Curls,3.937,7.48,11.811,0.6875
31608,Minis Candy,1.772,6.299,9.055,0.5004
31612,Black Bean Vegetables Burrito,1.181,7.087,5.512,0.5004
31618,Thick Medium Cheddar Slices,1.378,6.102,7.874,0.5004
31670,Buttermilk Complete Pancake Mix,7.874,5.512,10.63,1.9996
31678,Gluten Free Cinnamon Raisin Bread,3.937,4.724,5.906,1.0
31681,Extra Light Tasting Olive Oil,2.362,2.362,9.843,1.0009
31683,Original No Pulp 100% Florida Orange Juice,3.543,2.953,9.252,4.0565
31694,Sourdough Bachelor Loaf,5.118,3.937,5.118,1.25
31706,Sugar Free Chocolate,5.906,3.937,1.969,0.8113
31709,Dry Mouth Oral Rinse,2.559,2.559,8.661,1.0428
31714,Feta Cheese In Brine,6.299,4.331,2.362,0.875
31716,312 Urban Wheat,7.874,5.315,6.496,4.687
31717,Organic Cilantro,11.811,5.906,1.969,0.0617
31720,Organic  Whole Milk,3.748,3.748,9.5,4.299
31759,Cherrios Honey Nut,2.756,7.48,11.811,0.765
31764,Original Sparkling Seltzer Water Cans,10.63,7.874,5.512,9.3917
31766,Cheese Pizza Snacks,11.811,7.874,2.756,1.5278
31772,Sprouted Grain Bread Cinnamon Raisin,2.953,4.724,9.055,1.0009
31801,9 Inch Plates,9.252,9.252,3.15,0.7496
31821,Cubanelle Pepper,7.087,1.969,1.969,0.2425
31869,Organic Edamame,9.843,7.087,1.969,1.75
31876,Fresh Scent Speed Stick Deodorant,1.772,2.756,6.102,0.1676
31915,Organic Red Delicious Apple,3.346,3.346,3.543,0.5335
31927,Four Cheese Pasta Sauce,3.299,3.299,5.311,1.5
31945,Organic Fresh Pressed Pure Carrot 100% Juice,2.756,2.756,9.843,2.0856
31948,Organic Gluten-Free Brown Rice Pasta,2.362,5.709,8.071,0.75
31958,Spinach and Arugula Salad,2.008,7.008,9.488,0.3131
31961,Chilpotle Peppers in Adobo Sauce,2.992,2.992,4.488,0.485
31981,1% Low Fat Milk,3.882,3.882,9.441,4.299
32018,Organic Fiber & Protein Pear Blueberry & Spinach Baby Food,1.181,2.756,4.724,0.2491
32020,Classic Ranch Yogurt Dressing,2.756,2.756,9.055,1.0957
32030,Extra Sharp White Cheddar,1.575,3.937,1.575,0.5
32047,Original Apple 100% Juice,3.74,2.559,9.252,4.3321
32052,Organic Brown Rice Cake Salt-Free,7.874,3.15,9.843,0.2822
32072,Special Dark Chocolate Kisses,5.906,2.362,8.661,0.5622
32079,Shredded Parmigiano Reggiano,4.724,1.969,7.087,0.3131
32085,Grab 'N Go® Cups & Lids 12 Ounce,7.874,5.512,5.512,0.5512
32096,Yogurt Pretzels,6.299,1.969,8.661,0.5
32099,Cilantro Lime Chicken Burrito,7.087,1.969,1.969,0.3125
32133,4 Cheese Mexican Shredded Cheese,1.5,6.0,8.5,0.5
32134,Lactose Free Plain Kefir,3.15,3.15,9.843,2.0503
32153,Hand Dipped Basket Whole Milk Ricotta,5.118,5.118,2.756,0.937
32156,Cranberry Juice Cocktail,3.661,4.63,10.299,4.1667
32163,Hot Salsa,2.756,2.756,6.299,1.0
32177,Blood Oranges,2.953,2.953,2.953,0.3395
32211,Whole Grains Oatnut Bread,4.724,5.512,5.906,1.25
32235,No Caffeine Lemon Lime Soda,2.559,2.559,9.252,1.3029
32271,Original Applesauce,4.331,4.331,7.874,3.0
32285,Gluten Free Cinnamon Raisin Bagels,3.15,7.874,5.906,0.7055
32293,Organic Bunny Fruit Tropical Treat Fruit Snacks,1.969,5.118,7.087,0.5004
32299,Dijon Mustard,2.756,2.756,5.906,0.75
32303,Red Seedless Grapes,7.087,5.118,3.543,1.9996
32327,3 Gallon Food Scrap Bag,5.118,3.937,1.969,0.1984
32331,Flip™ Low-Fat Almond Coco Loco Lowfat Greek Yogurt,2.953,2.953,2.756,0.2932
32402,"Crackers, Crispy, Cheddar",2.362,7.48,5.118,0.5004
32403,Fat Free Skim Milk,3.937,3.937,11.417,8.576
32412,Garbanzo Beans No Salt Added,4.134,4.134,4.724,0.937
32426,1 Step Kashmir Spinach Indian Cuisine,1.575,3.937,6.693,0.6239
32429,Red Mango,3.937,3.15,6.299,0.6614
32438,Swiss Cheese Slices,1.181,6.102,8.661,0.5
32446,Bunched Carrots,9.843,5.906,3.15,1.0009
32465,Sliced White Mushrooms,5.906,3.937,1.969,0.5
32478,Reduced Fat 2% Milk,2.756,3.74,9.449,2.0856
32486,Shredded 3 Cheese Blend,2.362,5.906,8.661,0.625
32515,Whole Milk Blended Cherry Greek Yogurt,2.756,5.512,2.756,1.3228
32519,Honey Maid Fresh Stack Honey Grahams,2.165,2.953,8.465,0.8995
32538,Chunk Light Tuna,3.299,3.299,1.35,0.3125
32553,"Country Stand Juice, Medium Pulp",2.953,2.953,9.252,3.8801
32566,Dha Omega 3 Vitamin D Milk,3.937,3.937,10.63,8.3335
32570,Black Pepper Snapea Crisps,2.756,7.087,10.236,0.2491
32572,Cashew Almond Pistachio Mix,2.756,7.087,9.843,0.3748
32573,Pretzel Sticks,3.543,7.087,11.417,0.8818
32578,Organic Fresh Squeezed Orange Juice,3.15,3.15,9.449,2.0856
32580,Salted Almond Milk Chocolate Bar,0.709,3.15,6.693,0.1874
32607,White Unscented Facial Tissue,9.449,4.528,2.559,0.485
32624,Acorn Squash,5.906,5.906,5.118,1.5432
32632,Select Vitamin D Milk,6.693,4.134,12.598,8.576
32650,White Giant Paper Towel Rolls,11.024,5.512,9.055,1.7637
32653,Chocolate Salted Caramel Protein Bar,5.906,1.969,0.984,0.1323
32655,Organic Large Grade AA Brown Eggs,11.811,4.134,2.756,1.3228
32658,Spicy Hot 100% Vegetable Juice,2.953,2.953,9.252,3.1482
32665,Organic Ezekiel 49 Bread Cinnamon Raisin,3.937,7.087,11.024,1.4991
32684,Grade A Organic Large Brown Eggs,11.811,4.134,2.756,1.3228
32689,Romaine Hearts,5.906,3.937,11.811,1.1244
32700,Original Whipped Cream,2.756,2.756,11.024,0.8135
32717,Baked Beans,5.512,2.756,4.331,0.9375
32732,Roasted Red Pepper & Basil Quinoa and Brown Rice,6.299,5.118,1.575,0.6239
32734,Spaghetti,1.299,12.0,2.701,1.0
32740,Cold-Brew Black Coffee,2.756,2.756,9.843,2.0856
32747,Low Fat 1% Milk,3.882,3.882,9.441,4.299
32786,Beet Chips,1.378,4.724,7.874,0.0625
32818,Organic Pink Lemonade Bunny Fruit Snacks,1.969,5.512,7.48,0.1984
32828,Italian Sausage,2.756,5.906,9.055,1.0
32839,Dry Rubbed Thick Sliced Pork Bacon,8.661,5.512,1.575,0.7496
32851,Organic Carrots Baby Peeled Prepacked,7.874,5.512,3.15,1.0009
32864,Organic Baby Rainbow Carrots,2.559,5.512,8.661,0.75
32877,Yellow Zucchini,9.843,2.756,2.756,0.496
32911,Organic Sensitivity Infant Formula with Iron,5.315,5.315,5.315,0.776
32923,Organic Triple Berry Blend,9.449,7.087,2.165,3.0
32935,Raw Mild Cheddar Cheese,3.937,1.575,5.906,0.5004
32989,Mighty 4 Purple Carrot Blackberry Quinoa & Greek Yogurt Tots Snack,1.969,3.937,6.299,0.2183
33000,Pure Irish Butter,2.953,5.118,1.575,0.5
33018,Krave Basil Citrus Turkey Jerky,1.969,4.724,7.874,0.1543
33031,Organic Coconut Covered in Dark Chocolate Candy Bar,0.984,1.969,5.906,0.0926
33043,Crescent Rolls,1.969,5.512,7.874,0.5
33065,Cabernet Sauvignon,3.15,3.15,11.811,1.6535
33090,Light & Fit Strawberry Non Fat Greek Yogurt,3.74,3.74,2.26,0.3312
33095,"Salame, Italian Dry",0.5,5.5,9.252,0.25
33120,Organic Egg Whites,2.559,2.559,6.299,1.0
33129,Classic Hummus,3.937,3.937,2.165,0.5004
33147,Organic Crimini Mushrooms,7.087,5.118,1.969,0.5004
33198,Sparkling Natural Mineral Water,2.756,2.756,10.236,1.1795
33232,Unsweetened Cashew Milk,2.756,2.559,8.071,2.1275
33237,Classic Five Cheese Lasagna,7.874,5.906,2.165,0.6239
33250,Chocolate Co. Organic Dark Chocolate Sea Salt & Coconut,3.543,2.953,0.591,0.1874
33251,Spicy Steak Burrito,7.874,5.906,1.772,0.6261
33279,Low Sodium Bacon,8.661,5.906,1.969,1.0009
33280,Homestyle Sweet Pickle Relish,2.559,2.559,5.512,1.25
33284,Pop Up Bowl Movie Theater Butter Microwave Popcorn,7.48,6.299,3.937,0.5622
33401,Goat Cheese Crumbles,2.165,3.15,2.165,0.2491
33433,French Vanilla Rice Pudding,3.15,3.15,1.969,0.2491
33438,Rosemary & Olive Oil Quinoa Blend,1.969,5.512,8.268,0.5313
33452,Fruit Punch Sports Drink,2.756,2.756,9.843,1.3162
33489,Organic Peppermint Tea,2.953,2.559,3.937,0.0661
33493,Cotton Swabs,3.15,3.15,7.087,0.1102
33527,Organic Classic Rich Crackers,2.756,3.15,7.087,0.7804
33543,Super Green Juice Blend Smoothie,2.559,2.559,8.268,1.0428
33548,Peach on the Bottom Nonfat Greek Yogurt,3.74,3.74,2.26,0.3312
33572,Lactose Free 2% Reduced Fat Milk,2.756,3.74,9.449,4.2329
33642,Lactose Free Cream Cheese,2.953,2.953,2.165,0.5004
33647,Blue Chips Corn Tortilla Chips,7.874,4.724,11.811,0.75
33651,Harvest Cheddar Multigrain Chips,7.874,4.724,11.024,0.4696
33671,100% Pineapple Juice,4.402,6.402,4.0,2.7514
33716,Apple Pie Fruit & Nut Food Bar,0.787,2.362,5.512,0.0882
33731,Grated Parmesan,2.756,2.756,6.693,0.5
33741,Gluten Free Classic Hamburger Buns,6.102,6.102,4.724,0.7496
33745,Oats and Honey Protein Crunchy Granola,2.992,7.48,11.024,0.7496
33750,Sweet Rival Sesame Butter + Dates Macrobar,0.984,2.165,5.512,0.1102
33754,Total 2% with Strawberry Lowfat Greek Strained Yogurt,3.15,3.15,2.362,0.3307
33756,Crispy Chicken Strips 100% All Natural Fully Cooked,7.008,9.488,2.008,1.0009
33768,Sinfully Sweet Campari Tomatoes,5.984,5.984,3.504,1.4991
33787,Total 2% Lowfat Greek Strained Yogurt with Peach,2.953,2.953,2.362,0.3307
33791,Raspberry on the Bottom Nonfat Greek Yogurt,2.953,2.953,2.362,0.3307
33792,Organic Smoked Paprika,1.598,1.598,4.551,0.1013
33797,Febreze Lavender Vanilla & Comfort Scent Sweeper Dry Pad Refills,2.362,5.906,9.449,0.3527
33816,Yellow Nectarines,2.953,2.953,2.559,0.3086
33819,Original French Vanilla Yogurt,2.598,2.598,3.5,0.375
33827,Fat Free French Vanilla Creamer,2.559,2.559,8.465,2.0856
33845,Organic YoBaby Vanilla Yogurt,2.559,2.559,2.362,0.2491
33846,Roasted Garlic Hummus,3.346,3.346,2.165,0.625
33852,Black Raspberry Sparkling Water Drink,3.346,3.346,10.63,2.2046
33884,Bay Leaves,1.748,1.748,4.402,0.0075
33894,Goldfish Cheddar Baked Snack Crackers Multi Packs,7.48,5.118,2.362,0.5004
33909,Cracked Wheat Sourdough Loaf,8.661,4.331,4.331,1.25
33944,Chicken & Apple Breakfast Links,8.661,5.906,1.575,0.7496
33957,Mexican Casserole Bowl,5.906,7.48,1.772,0.7496
33966,No Stick Baking Spray,2.559,2.559,9.252,0.3748
33990,Organic Chocolate Chip Granola Bars,2.362,6.299,8.268,0.5622
34005,Black Seedless Grapes,7.087,5.118,3.937,1.4991
34034,Roasted Garlic Pasta Sauce,3.15,3.15,6.441,1.5
34050,Orange Juice,2.756,3.937,9.449,3.3903
34065,"Tomatoes, Crushed, Organic",3.15,3.15,4.528,1.7505
34075,Distilled Drinking Water,2.559,2.559,10.039,2.2046
34092,Spicy Brown Mustard,1.98,2.882,6.5,0.75
34126,Organic Italian Parsley Bunch,9.843,5.906,2.362,0.1323
34128,Tzatziki,5.118,5.118,2.362,0.7496
34134,Spinach Peas & Pear Stage 2 Baby Food,1.969,1.378,4.724,0.2491
34137,Chocolate Sea Salt,2.756,5.512,8.071,0.625
34164,Artisan Lettuce,4.724,7.087,3.15,0.3748
34182,Olive Tortilla Chips,3.543,7.874,11.811,0.5622
34196,Stuffed Jalapenos With Cream Cheese,2.362,6.299,7.874,0.205
34217,Pesto Tortellini  Bowls,7.48,6.299,2.165,0.6239
34229,Petite Peas,2.559,6.299,9.055,1.0009
34230,4% Milkfat Small Curd Cottage Cheese,3.15,5.709,4.331,1.0
34234,Grade AA Large White Eggs,2.756,10.039,7.48,1.1244
34243,Organic Baby Broccoli,1.969,6.299,9.055,0.5004
34262,Hint Of Sea Salt Almond Nut Thins,2.756,7.874,10.63,0.2646
34269,Oriental Flavor Ramen Noodle Soup,1.378,5.512,7.48,0.1874
34283,Fudgsicle No Sugar Added,7.874,2.756,6.299,1.1244
34300,100% Lactose Free Reduced Fat Milk,6.299,6.299,11.811,8.576
34310,Organic Goddess Dressing,2.362,2.362,8.268,0.7826
34320,Organic Apples Pommes,11.811,7.874,3.937,3.0005
34358,Garlic,2.362,2.362,2.756,0.0992
34360,Simply Favorites Chicken Friced Rice Entree,7.48,5.512,1.575,0.6239
34368,"Dinner Classic White 10.375\"" Dinner Plate",10.394,10.394,1.181,0.9921
34371,Organic Strawberry Preserves,3.15,3.15,4.331,0.6875
34380,Coconut Chocolate Chip,7.48,6.299,1.969,0.3748
34427,Butter Beans,2.283,2.913,4.331,0.875
34428,Orange Slices,1.969,4.724,7.087,0.5
34433,Sweetened Condensed Milk,2.953,4.134,4.134,0.875
34448,Original Veggie Straws,7.874,5.512,2.756,0.4375
34449,100% Natural Tomato Sauce,3.15,3.15,4.331,0.937
34497,"Prosciutto, Americano",0.984,4.724,7.087,0.125
34502,Natural Walnuts And Almonds 100 Calorie Packs,5.512,2.165,7.087,0.1874
34519,Simply 100® Blueberry Blended Non-Fat Greek Yogurt,2.953,2.953,2.362,0.3307
34524,Zinc Elderberry and Raspberry Lozenges,2.362,2.362,4.528,0.5027
34525,Organic Vanilla Whole Milk Yogurt,2.598,2.598,3.5,0.375
34526,Olives Stuffed With Blue Cheese,2.756,2.756,4.724,0.75
34551,Organic Cane Sugar,7.087,4.724,2.756,10.0
34552,Strawberry Smoothie,2.165,2.165,4.528,0.25
34565,Peanut Butter Whole Grain Clusters,2.756,7.087,9.843,0.7496
34584,Organic Sliced Peaches,7.874,5.906,1.575,0.937
34608,1% Milkfat Low Fat Buttermilk,3.937,3.937,7.48,2.0856
34627,Premium Apple Cider,3.346,3.346,10.236,4.2329
34635,Shredded Beef Burrito,1.772,6.299,8.661,0.5004
34643,Dry Roasted Macadamias,5.906,3.543,8.268,0.3125
34664,Total 2% Lowfat Greek Yogurt with Honey,3.937,3.937,5.906,1.9996
34668,Organic Large Grade AA Omega-3 Eggs,11.811,4.134,2.953,1.4991
34690,100% Juice Apple Juice,2.15,2.15,7.15,0.3902
34726,Butter Toffee Peanuts,3.937,7.087,11.811,2.0
34731,Organic Oregano Leaf,1.772,1.772,4.331,0.0463
34776,Double Caramel Swirl Bars made with Low Fat Ice Cream,7.874,3.15,5.906,0.9502
34786,Tikka Masala Simmer Sauce,2.756,2.756,7.48,0.9375
34816,Whole Pine Nut,7.087,4.331,1.181,0.5004
34819,Liquid Vitamin C Orange Flavor,2.362,2.362,7.874,1.0957
34823,Mixed Melons,7.087,5.118,2.756,1.0009
34827,Rich & Hearty New England Clam Chowder Soup,2.756,2.756,4.331,1.1552
34862,Tiny Twists Pretzels,3.937,7.087,11.024,1.0
34866,Chocolate Milk 1% Milkfat,2.756,2.756,9.252,2.1473
34893,Chai Rooibos Herbal Tea Bags,2.992,5.0,5.984,0.0882
34898,Low Moisture Part Skim Mozzarella String Cheese,2.992,5.0,7.992,1.25
34921,Vanilla or Chocolate Chip Variety Pack Ice Cream Pieces,11.024,7.874,2.362,2.5
34927,Beef Taquitos,9.449,6.693,2.559,1.25
34931,Reduced Fat Sour Cream,3.346,3.346,2.559,1.0009
34969,Red Vine Tomato,2.953,2.953,2.953,0.3307
34986,Little Bites Blueberry Muffin Pouches,2.362,7.874,8.268,0.4365
35004,Macaroni Shells & White Cheddar Cheese,1.772,5.118,7.087,0.375
35045,Original No Pulp Pure 100% Florida Orange Juice,2.756,3.937,9.646,4.1667
35070,Santa Fe-Style Rice & Beans,1.772,6.102,7.48,0.6239
35094,Bamboo Shoots Sliced,2.756,2.756,4.331,0.5004
35108,Salted Butter,6.102,2.953,2.756,1.0
35110,Waterfall Hand Wash,2.756,2.756,7.48,0.5534
35121,Lemon Ginger Sparkling Probiotic Drink,2.559,2.559,8.268,0.7937
35123,Grilled & Ready Chicken Breast Strips,9.055,6.693,1.575,0.5622
35131,Classic Italian Style Basil Pesto,2.559,2.559,3.15,0.4189
35140,Organic Whole Cashews,3.15,6.299,9.055,1.1023
35163,Red Leaf Lettuce,11.024,9.055,4.724,0.3748
35167,Organic Spicy Taco Seasoning,0.984,3.346,5.512,0.0617
35176,Cream Cheese Cream Cheese Spread,2.559,2.559,1.969,0.5
35199,100% Apple Juice,2.15,2.15,7.15,0.3902
35207,Picnic Pack Ketchup/Sweet Relish/Yellow Mustard Condiments,7.087,2.362,5.512,0.5622
35217,Toasted Sesame Seed Oil,2.559,2.559,9.843,1.0251
35221,Lime Sparkling Water,3.15,3.15,10.63,2.2046
35233,Peach,2.953,2.953,2.756,0.3241
35246,6.25 Oz LifeSavers Wintogreen Peg,5.512,2.362,8.268,0.3902
35264,Cut Okra,2.362,5.906,9.055,1.0
35269,Vegetable Tray With Low Fat Dressing,7.087,9.843,2.756,1.0009
35336,Naked Green Machine Boosted Juice Smoothie,2.559,2.559,8.465,0.9921
35365,Naturally Hickory Smoked Hometown Original Bacon,2.362,5.906,9.843,1.0009
35376,Grovestand Lots of Pulp Orange Juice,2.953,3.543,9.646,2.0856
35383,Classic White Bread,5.118,5.512,6.299,1.25
35412,Select Tender Chicken with Vegetables & Brown Rice Dog Food Recipe,2.953,7.48,9.843,3.9992
35424,Spring Water Antibacterial Liquid Hand Soap with Moisturizer,2.559,3.346,8.858,0.7804
35458,100% Whole Wheat Pre-Sliced Bagels,3.937,7.087,5.906,1.0009
35461,Blueberry Beet & Brown Rice Cakes,2.165,3.937,6.299,0.2491
35469,Enchilada Black Bean Vegetable,7.874,5.906,1.575,0.6239
35483,Apple & Gouda Cheese Chicken Sausage,7.874,5.906,1.969,0.7496
35503,Organic Vanilla Almond Milk,3.543,2.362,9.055,4.2549
35510,Organic Yukon Gold Potato,2.756,2.362,2.165,0.3263
35512,Apple & Apricot Fruit Bar,4.724,1.575,0.787,0.0772
35518,Frosted Chocolate Cup Cakes  with Creamy Filling,2.756,6.299,1.969,0.6614
35522,Strawberry Protein Shake,2.362,2.362,7.087,0.7496
35536,Carrot Cake,7.874,7.874,3.543,1.125
35547,Organic Baby Kale,3.15,5.906,9.055,0.3131
35548,Twice Baked Potatoes,7.087,5.118,1.969,0.625
35561,Organic Tortilla Chips,6.299,9.449,12.992,2.5
35594,Organic Hemp Plus Granola Cereal,2.756,7.48,11.417,0.7496
35640,Beer Brats Sausage,9.843,5.906,1.969,1.0009
35649,Alkalized Water,3.15,3.15,12.205,2.2046
35652,Prosciutto Di Parma,5.906,3.937,0.787,0.2491
35734,Whole Chia Seeds,3.937,2.756,7.087,0.7496
35735,5 in 1 Protection Clinical Antiperspirant,1.772,2.559,6.496,0.1609
35738,Calabrese uncured italian Salami  with pepper and paprika,2.756,2.756,7.874,0.5004
35759,"Home Delights Dog Food, Beef Stew Flavor",3.346,3.346,1.969,0.8135
35761,Ultra Thin Slices Sharp Cheddar Cheese,6.693,4.724,1.378,0.5004
35804,Continuous Control® Acne Cleanser Cleansers,1.89,1.89,6.496,0.3263
35811,Non Alcoholic Hefeweizen,2.598,2.598,9.252,0.7826
35833,Andouille  Chicken & Turkey Sausage,7.874,5.906,1.969,0.7496
35838,Cumin Seed,3.15,2.362,1.969,0.0617
35851,Organic Greek Lowfat Yogurt With Cherries,2.756,2.756,2.362,0.3307
35887,Organic Mixed Vegetables,1.772,7.874,5.512,0.625
35898,Original Hot Sauce,1.799,1.799,7.35,0.399
35914,Dha Omega 3 Reduced Fat 2% Milk,3.937,3.937,10.63,8.598
35921,Organic Large Grade A Brown Eggs,11.811,4.134,2.756,1.3228
35926,Fresh Squeezed Grapefruit Juice,3.937,3.937,9.843,3.5164
35935,Unsweetened Vanilla Coconut Milk Beverage,2.559,3.74,8.858,4.1667
35939,Organic Jalapeno Pepper,2.953,0.984,0.984,0.0309
35942,Mojo Peanut Butter Bar,0.709,2.559,5.512,0.1124
35946,Made With Organic Beans & Rice Burrito Non-Dairy,2.362,6.299,1.181,0.5004
35951,Organic Unsweetened Almond Milk,2.559,3.74,8.858,4.1667
35973,Paprika,1.748,1.748,4.299,0.125
35980,Organic Crunchy No Salt Added Peanut Butter,3.543,3.543,5.118,1.0009
35982,Tall Kitchen Drawstring Trash Bags with Reinforcing Bands,5.0,7.992,2.992,1.1023
36011,Organic Fat Free Milk,6.299,3.937,11.417,8.5936
36034,Organic Tamari With Seaweed Rice Cake,7.087,5.512,1.969,0.1874
36036,Organic Orange Fruit Juice,3.937,3.937,10.63,3.9683
36056,Freezer Slider Bags,8.661,4.724,3.15,0.5512
36070,"Super Spinach! Baby Spinach, Baby Bok Choy, Sweet Baby Kale",3.15,7.874,11.024,0.3131
36082,Organic Mango,3.937,3.15,5.906,0.6614
36086,Philadelphia Original Cream Cheese,5.512,7.087,2.756,3.0
36117,Soft 10 Grain Bread,7.874,4.331,3.937,1.25
36118,Double Fiber Whole Grain Sliced English Muffins,7.874,5.512,2.756,0.7496
36127,Freshly Squeezed Orange Juice,3.543,2.756,9.449,3.3951
36144,Smoked Turkey Breast,2.362,4.724,7.087,0.4375
36167,Medium Cheddar,1.0,5.748,2.252,0.5
36180,Red Kidney Beans,2.362,5.906,8.661,0.875
36183,Smooth Greens & Kale Vegetable and Fruit Juice Blend,3.543,3.543,10.63,3.4172
36186,Large Grade AA Organic Eggs,11.811,4.134,2.756,1.3228
36214,Turkey Burger Patties,9.055,7.087,1.969,1.0009
36216,Lime Italian Sparkling Mineral Water,2.756,2.756,9.843,2.2046
36227,Sour Cream & Onion Flavored Potato Crisps,3.15,7.48,11.811,0.5622
36239,Graduates Toddlers Pasta Pick Ups Chicken & Carrot Ravioli,1.772,4.921,6.693,0.3748
36253,Parmesan Cheese Grated from the block,1.969,3.937,5.906,0.3748
36258,Super Fruit Punch Organic Juice Drink,3.13,7.882,4.252,3.0799
36276,Chocolate Vanilla Pudding,3.15,6.299,2.756,1.1244
36315,Low Fat Split Pea Soup,2.874,2.874,4.252,1.1552
36316,Lemon Sparkling Water,3.346,3.346,12.205,2.2046
36323,Fresh Citrus Antibacterial Hand Soap,2.756,2.362,7.48,0.6504
36393,Eggo Buttermilk Waffles,1.969,7.48,9.843,0.7496
36397,Gluten Free Millet-Chia Bread,3.937,4.724,7.087,1.0009
36406,Essential Greens With Lime  Vegetable and Fruit Juice Blend,2.362,2.362,7.874,0.9921
36441,Baby Wipes,7.874,4.331,2.362,1.1023
36472,Nutri Grain Bars Multi Pack,7.874,6.299,1.969,0.6504
36493,Zero Calorie Half Green Tea & Half Lemonade,2.559,2.559,8.071,1.1729
36506,Extra Cheesy Cheddar Bunnies Crackers,2.362,5.906,7.874,0.3748
36523,Cold-Pressed Coconut Water & Greens High Pressure Processed Fruit & Vegetable Juice Blend,2.756,2.756,9.055,1.0428
36606,Sprouted Multi-Grain Bread,3.15,4.724,6.693,1.4991
36618,"12\"" Aluminium Foil",12.205,1.969,1.969,0.3086
36639,Key Lime Pie Gelato,4.134,4.134,6.496,0.8818
36676,Organic Plain Nonfat Yogurt,5.118,5.118,6.299,1.9996
36693,Smart Pop! Kettle Korn Microwave Popcorn,6.693,5.512,2.362,0.5622
36695,Organic Hothouse Cucumbers,9.843,5.906,2.362,0.9921
36736,Iodized Salt,3.449,3.299,5.598,1.625
36830,Protein Bar Coconut Cashew,1.181,2.362,5.512,0.1102
36843,Honey Maid Teddy Grahams,1.969,7.48,9.843,0.6239
36849,Milk Chocolate Candy Bars,3.937,7.874,5.906,3.4875
36854,Hot Sauce,2.441,2.441,9.882,0.8598
36865,Non Fat Raspberry Yogurt,3.15,3.15,2.362,0.3307
36885,Rose,2.953,2.953,12.402,1.5873
36923,Trop50 No Pulp Orange Juice,3.74,6.89,9.252,3.5274
36929,"Milk, Vitamin D",6.299,6.299,11.024,8.576
36957,Hazelnut Meal/Flour Finely Ground,1.969,5.512,8.661,0.5004
36988,Low Salt Ham,7.874,5.906,1.575,1.0009
36994,Organic Graham Crunch Cereal,2.953,1.969,7.874,0.7496
37022,Plain Cultured Goat Milk Kefir,2.953,2.953,7.874,2.0856
37033,Non-Stick Parchment Paper,2.362,2.362,11.811,0.5004
37052,Natural Bliss Cinnamon Cream Coffee Creamer,2.756,2.756,9.449,2.1495
37055,Organic Cheesy Ravioli,2.874,2.874,4.37,0.937
37066,Original Cherry Orchard Yogurt,3.15,3.15,2.362,0.3307
37067,Organic Banana,1.575,1.575,7.874,0.2778
37072,Select Tomato Basil Pasta Sauce,2.756,3.346,7.087,1.4991
37119,Uncured Pepperoni,1.181,3.937,5.906,0.5
37120,Dill Weed,2.362,2.362,5.512,0.3125
37131,Tomato Yellow Cherry,5.906,3.937,1.969,1.0009
37193,Shelled Edamame,7.48,5.512,1.575,0.75
37215,100% Cranberry Juice,2.953,2.953,10.039,4.1888
37229,"Bathroom Tissue Softness & Strength, Double Rolls",10.63,8.661,9.055,1.9842
37238,Vantage Choose-A-Size Regular Roll Towels,4.921,4.921,11.024,0.5071
37283,Homestyle Meatballs,7.087,5.118,1.969,1.625
37297,Brown & Red Rice With Chia & Kale,7.087,5.118,1.181,0.5291
37355,Organic Extra Virgin Coconut Oil,3.346,3.346,7.087,1.9996
37376,Grands! Homestyle Buttermilk Biscuits,3.15,3.15,9.055,1.0207
37417,Gluten Free Pretzel Twists,2.756,7.087,9.843,0.4938
37418,Mojo Chocolate Almond Coconut Bar,0.984,1.969,4.724,0.0882
37478,Gluten Free Whole Grain Hamburger Buns 4 Count,7.087,7.087,3.937,0.7496
37479,April Fresh® Liquid Fabric Softner,4.724,7.087,11.024,3.3731
37489,Kale Salad,2.559,7.48,11.024,0.6239
37496,Organic Deep Dark Sea Salt Chocolate,0.472,3.15,6.693,0.1874
37509,Light Chicken Noodle Soup,3.449,3.449,4.449,1.1563
37527,Chocolate Dipped Almond Biscotti,7.874,2.756,1.969,0.3748
37538,Organic Sweet Pea,7.087,4.724,1.969,0.5004
37543,Spiced Rum,3.15,3.15,11.811,1.5719
37568,Traditional Lenticchie Sicilian Lentil Soup,2.953,2.953,4.331,1.1552
37571,Color Preserve Shine Shampoo,2.756,2.165,8.661,0.8818
37594,French Vanilla Yogurt,2.598,2.598,3.5,0.375
37634,Toilet Bowl Cleaner with Bleach Rain Clean,3.15,4.724,9.843,1.5631
37642,Ccnut Raw Cocoaminos,2.362,2.362,7.874,0.6526
37646,Organic Gala Apples,3.346,3.346,3.15,0.5335
37687,Organic Spring Mix,3.15,7.874,10.63,1.0
37733,Uncured Pepperoni Mini Pizza Bagels Frozen Snacks,1.772,7.874,10.63,0.5622
37766,XL Emerald White Seedless Grapes,4.724,7.874,3.937,1.9996
37792,Original Baked Cheese Puffs,3.15,6.102,9.449,0.4365
37820,Complete Extra Whitening with Tartar Protection Toothpaste Clean Mint,1.772,2.559,7.48,0.3748
37876,Grated Reggiano Parmigiano,4.724,3.15,1.969,0.3125
37886,Extra Creamy Dairy Whipped Topping,2.551,2.551,9.902,0.8113
37913,Perfect Pinch Rotisserie Chicken Seasoning,1.772,1.772,4.724,0.2491
37919,Organic 2% Chocolate Milk,3.15,3.15,9.252,2.2487
37923,Prosecco Sparkling Wine,3.346,3.346,12.598,1.6535
37984,Lemon Lime Seltzer Water,7.874,10.63,5.512,9.3917
38000,Unsweetened Apple Sauce,3.937,3.937,7.087,2.875
38003,Sicilian Pistachio,3.937,3.937,5.906,0.9921
38012,Organic Cream of Mushroom Condensed Soup,3.15,3.15,4.331,0.657
38028,White Sliced Mushrooms,2.165,5.315,7.48,0.5
38044,Bocconcini Bite Sized Fresh Mozzarella,2.756,4.724,2.362,0.5004
38049,Crispy Rounds Tortilla Chips,3.937,7.48,11.811,0.6239
38067,Coconut Flakes,2.362,5.512,8.268,0.875
38113,Whole Grain Spaghetti,1.402,10.748,2.701,1.0
38155,Strawberry Sorbet With Milk Chocolate Bar,4.331,1.772,1.378,0.2183
38164,Almonds & Sea Salt in Dark Chocolate,5.512,3.543,1.181,0.3131
38182,Sriracha Hot Sauce,2.362,2.362,9.055,1.0626
38194,Venus Embrace Women's Razor Blade Refills,1.378,3.15,4.724,0.0882
38200,Apple Juice,3.346,3.346,10.236,4.2329
38205,Cheddar Cheezy Mac,2.165,5.512,7.48,0.4542
38218,Rising Crust Three Meat Pizza,12.205,12.205,2.165,1.6875
38231,Classic Air-Puffed Vanilla Flavored Marshmallows,7.874,5.118,2.362,0.6239
38236,Quinoa,7.874,5.118,1.969,1.0009
38241,Low-Fat Mango on the Bottom Greek Yogurt,3.15,3.15,2.362,0.3307
38273,Marinara Pasta Sauce,3.189,3.189,6.882,1.5
38274,Ice Cream Sandwiches Vanilla,2.756,4.331,5.709,1.1244
38291,Traditional Crumbled Feta Cheese,3.937,2.953,1.969,0.5004
38293,Ground Turkey Breast,6.102,4.134,1.772,1.0
38299,Mini Italian Eggplant,1.969,1.969,5.906,0.3748
38303,Almond Paleo Bread Non GMO Gluten Free,7.874,4.331,3.543,1.0009
38311,Lemon Love Juice Drink,3.15,3.15,9.843,3.5274
38313,Organic Apple Banana GoGo Squeez,5.512,3.15,6.299,0.8003
38318,Original Flavor Instant Oatmeal,3.15,5.118,7.874,0.6239
38321,Baby Kale,2.362,7.874,11.811,0.6875
38374,Milk and Cookies Ice Cream,3.346,6.299,6.496,1.0428
38383,Organic White Onions,3.15,3.15,3.15,0.3263
38400,Asparation/Broccolini/Baby Broccoli,9.843,4.724,1.969,0.5004
38408,Mrs Meyers Dish Soap Rosemary,11.201,4.5,2.701,2.4912
38428,Keurig Green Mountain Coffee Breakfast Blend Light Roast Coffee K-Cups,5.512,3.937,7.087,0.2381
38432,Green Goddess Dressing,2.362,2.362,8.268,1.0428
38439,Mara Natha Organic Peanut Butter Creamy,3.346,3.346,5.315,1.0009
38452,Organic Whole Milk Washington Black Cherry Yogurt,2.953,2.953,2.362,0.3748
38456,Large Grapefruit,5.906,5.906,5.906,0.6614
38481,Organic Vegetable Masala Stew,2.953,2.953,4.528,0.937
38508,Lightly Salted Kettle Potato Chips - Sea Salt,4.331,7.874,12.205,0.5004
38511,1 Ply Paper Towels,4.331,4.331,11.024,0.9921
38533,Creamy Deluxe Macaroni Dinner Elbows & Four Cheese Sauce,7.874,5.118,1.772,0.4542
38544,Organic Whole Milk Strawberry Beet Berry Yogurt Pouch,4.724,2.756,0.787,0.2183
38558,Organic Low Fat Cottage Cheese,5.906,4.331,2.756,1.0009
38567,Hearty French Country Vegetable Soup,2.953,2.953,4.331,1.1552
38609,Beef Short Ribs,7.874,5.512,1.969,1.0009
38622,Cheddar Snack Crackers Cheddar Bunnies,2.756,6.102,8.071,0.5004
38647,Organic Raw Sharp Cheddar Cheese,1.969,3.937,7.087,0.5004
38650,Organic Red Lentils,2.756,5.512,8.268,1.0
38653,100 Calorie Pineapple Coconut Blended Greek Yogurt,2.559,2.559,2.362,0.3307
38656,Gluten Free Peanut Butter Dark Chocolate Chewy With a Crunch Granola Bars,0.984,5.512,7.48,0.3748
38664,Peach Iced Tea,2.559,2.559,9.449,2.2046
38689,Organic Reduced Fat Milk,2.953,2.953,9.252,2.0856
38729,Original Detergent,5.512,3.15,11.024,6.6139
38730,Brownie Crunch High Protein Bar,5.512,2.165,0.984,0.1323
38739,Hass Avocado,4.528,3.346,2.953,0.3307
38768,Sweet Kale Salad Mix,9.843,7.087,1.969,0.6239
38777,Organic Green Seedless Grapes,9.055,6.299,4.331,2.2046
38789,Peanut Butter Cups Minis,1.772,4.724,7.087,0.3748
38817,Sugarfree,2.598,2.598,6.614,1.0803
38824,Deli Sliced Swiss Cheese,9.449,6.102,1.575,1.0
38837,Crispy Chick'n Sliders,9.055,7.087,2.165,0.5622
38844,Oatmeal Raisin Walnut Energy Bar,5.315,2.953,1.575,0.1257
38866,Lite Gingerly Vinaigrette Dressing,2.559,2.559,8.661,1.0428
38909,Gluten Free Rotini,2.098,4.799,7.299,0.75
38938,"Maca Powder, Raw",2.362,3.937,6.299,0.5004
38944,Seven Grain Crispy Tenders,1.969,7.874,5.906,0.7496
38948,Petit Ecolier Milk Chocolate Biscuits,2.362,7.874,5.118,0.3307
38988,White English Muffins,7.874,5.118,3.543,0.7496
38995,Pomelo Grapefruit & Aloe Appeal,4.724,4.724,4.724,1.9842
38996,Grape Tomatoes,5.906,3.937,2.756,0.6239
39002,Sparkling Apple Cider,3.543,3.543,11.811,4.3387
39032,Hearts Of Romaine,3.937,7.874,3.15,1.1244
39040,Organic Sliced Crimini Mushrooms,7.087,5.512,1.575,0.5004
39041,Original Wheat Thins,2.756,7.087,9.449,0.5312
39046,Smok Cured Turkey Bacon,7.087,5.512,1.575,0.5004
39108,Pulp Free Orange Juice,2.953,2.953,10.236,3.4392
39124,Half Tea & Half Lemonade,2.953,2.953,10.63,3.3951
39130,All Natural Roasted Garlic Pasta Sauce,2.953,2.953,7.087,1.4991
39142,Old Fashioned Oats,3.346,6.496,9.449,1.125
39162,Clean Day Basil Hand Soap,2.559,2.953,7.48,0.8598
39180,Organic Lowfat 1% Milk,2.559,3.74,9.055,4.2549
39182,"Soup, Traditional, with Tofu",2.559,3.346,4.528,0.873
39190,Vanilla Unsweetened Almond Milk,3.071,3.78,9.252,4.277
39194,Bean & Rice Chips sea salt,2.756,7.48,11.024,0.3131
39224,Macaroni & Cheese Dinner,4.13,8.382,5.748,0.5125
39247,Mango,3.937,3.346,5.512,0.5512
39265,Ground Coriander,5.906,2.165,2.165,0.1058
39275,Organic Blueberries,6.693,4.724,1.772,0.3748
39357,Organic Honey Bear Bottle,2.756,1.772,5.906,0.7496
39428,Peaches Large,2.953,2.953,2.953,0.4409
39430,New Mexico Taco Skillet Sauce For Chicken,2.165,2.756,7.087,0.937
39475,Total Greek Strained Yogurt,2.953,2.953,5.906,1.9996
39482,Orange/Mango Flavor Multi Vitamin & Mineral,1.969,2.756,4.331,0.3307
39507,Pop-Tarts Unfrosted Strawberry,1.575,7.48,7.087,0.8444
39527,Chocolate Lowfat Milk,3.543,3.543,9.055,4.2549
39534,Grilled Chicken Strips,1.969,7.087,5.906,0.75
39539,Milk Chocolate with Whole Hazelnuts,6.102,3.346,0.591,0.22
39545,Corn Muffin Mix,1.701,3.051,5.551,0.5291
39557,Organic Premium Raspberry Spread,2.953,2.953,4.528,0.7496
39561,Crackers Cheddar Bunnies Snack Packs,2.756,5.709,8.465,0.4696
39581,French Vanilla Creamer,3.551,3.551,9.709,2.1275
39604,Turkey Breakfast Sausage Links,1.969,5.906,9.055,1.0009
39619,Organic Tomato Basil Pasta Sauce,2.953,2.953,4.724,1.5625
39620,Crunchy Taco Shells,3.15,5.906,9.055,0.2875
39639,Unsweetened Plain Soy Yogurt,4.134,4.134,3.543,1.4991
39657,Milk Chocolate Almonds,1.772,4.724,7.087,0.5
39663,Hemp Lavender Pure Castile Soap,2.953,2.953,8.661,2.0944
39707,Breakfast Claws,4.724,7.874,2.756,0.6261
39719,"Freshly Made. Filled with Creamy Ricotta, Aged Parmesan and Romano Cheeses Three Cheese Tortellini",1.969,5.906,7.874,0.5622
39732,Pitted Kalamata Olives,3.543,2.756,4.724,0.75
39747,Mixed Berry English Tea Scones,7.087,4.724,2.756,0.7496
39781,Original 7 Grain Crackers,1.969,6.693,9.449,0.5004
39806,Medium La Vieja Salsa,2.953,4.921,1.969,1.0009
39812,Organic Thyme,1.181,3.937,9.843,0.0463
39832,Rise Krisipies Toasted Rice Cereal,2.953,7.48,7.874,0.7033
39870,"Cherries and Chocolate, Organic 70% Cocoa",0.984,2.756,5.906,0.2205
39877,Organic Granny Smith Apple,3.346,3.15,2.953,0.5335
39922,Celery Sticks,4.016,5.984,2.008,1.25
39928,Organic Kiwi,2.953,2.165,2.165,0.1631
39947,Blackberry Cucumber Sparkling Water,7.874,5.315,5.512,9.3696
39958,Organics Gummy Bears,2.362,5.512,8.268,0.5004
39968,Miso Soup,2.756,4.724,6.693,1.0009
39971,"Soap, Pure-Castile, All-One Hemp Almond",2.362,2.362,8.661,1.0406
39979,Chicken and Liver Canine Cuisine Wet Dog Food,2.953,2.953,4.134,0.8113
39982,Sausage  Links,2.165,7.087,9.843,1.25
39984,Organic Dill,1.575,3.15,11.024,0.0661
39989,Chlorine Free Light Pantiliners,3.543,5.512,1.575,0.1874
39990,Vegetable Fried Rice,7.874,6.299,1.772,1.0
39997,Cheese Bread Snacks with Bacon,9.055,7.087,1.969,0.7496
40001,Vanilla 0% Milkfat Yogurt,2.598,2.598,3.5,0.375
40056,Krispy Original Saltine Crackers,2.992,10.0,6.496,0.937
40141,Original Unflavored Gelatine Mix,3.15,1.969,0.787,0.1874
40174,2% Reduced Fat Organic Milk,6.299,3.937,3.937,8.5098
40199,Chocolate Chip Cookies,2.756,7.874,10.236,0.75
40214,90 Calorie Chocolate Fudge Brownies,1.969,5.512,7.48,0.4365
40232,Boneless Pork Loin Chops,7.874,5.906,1.575,1.0009
40233,Organic Kosher Dill Pickles,2.953,2.953,6.496,1.4991
40236,Diet Cherry Coke,8.425,11.26,5.63,9.3696
40240,Mini Ritz Multi Pack,2.362,7.874,5.512,0.6614
40256,Cinnamon Sticks,2.362,3.15,5.906,0.5
40268,Organic Wheat-Free & Gluten-Free Original Crackers,2.165,6.299,8.661,0.3131
40278,Special K Original,2.331,7.591,11.358,0.6
40279,Bean Sprouts,1.969,7.087,10.63,0.7496
40285,Traditional Snack Mix,2.756,7.087,10.63,0.5004
40310,Oven Roasted Turkey Breast,2.299,7.701,5.5,1.0
40332,"Cage Free Brown Eggs-Large, Grade A",11.811,7.874,2.756,1.5
40348,Large Burrito Flour Tortillas,9.843,9.449,2.756,1.25
40353,Gluten Free Vegan Not-Chick'n Natural Bouillon Cubes,3.937,1.575,2.362,0.1565
40354,California Clementines,9.843,7.087,3.937,1.9996
40376,Steamfresh Sweet Peas,7.874,6.299,1.181,0.6239
40377,Unrefined Virgin Coconut Oil,2.953,4.134,6.693,0.8752
40396,Guacamole,4.331,6.102,2.165,1.0009
40408,SALSA        FRNTR CHPTL SALSA,3.15,3.15,5.315,1.0009
40411,Calm Chamomile Herbal Tea,2.165,3.15,5.512,0.0882
40476,Egg Replacer,2.559,3.74,5.118,0.7496
40490,Frozen Breaded Bagged Chicken Nuggets,2.756,9.843,11.811,1.9996
40516,Organic Romaine Hearts,4.724,7.087,9.843,0.7496
40529,Red Wax Gouda Cheese,3.15,1.969,1.181,0.5512
40531,Spinach & Ricotta Ravioli,2.953,5.512,1.969,2.0
40545,Berry Medley,1.969,5.906,9.055,1.0
40549,Fresh Mint Total Care Anticavity Mouthwash,2.756,2.756,9.449,2.2046
40593,Cream Cheese,2.362,3.937,4.134,0.5
40598,Fudge Brownie Mix,2.165,5.512,7.874,2.1495
40604,Feta Cheese Crumbles,3.937,3.15,2.362,0.375
40671,Organic Roasted Sweet Potato Slices,1.575,7.48,9.843,0.7496
40691,Whole Jersey Milk Low Pasteurized,3.937,6.299,7.677,4.277
40706,Organic Grape Tomatoes,2.362,5.709,2.165,0.625
40709,Sea Salt & Vinegar Potato Chips,3.15,7.087,9.449,0.1323
40741,Eureka Lemon & Marionberries Ice Cream,3.937,3.937,6.299,1.0472
40742,French Roast Whole Bean Coffee,5.118,3.15,9.449,1.4991
40795,Lemon Sparkling Mineral Water,5.118,5.118,11.024,9.3696
40815,"Hot (101305, 101352) Italian Sausage",3.15,7.874,1.969,1.0009
40847,Organic Filtered Apple Cider Vinegar,2.756,2.756,11.024,2.0856
40864,Gluten Free White Cheddar Popped Corn Chips,3.543,8.661,14.961,0.3748
40867,"Sour Punch Twists (Blue Raspberry, Cherry, Strawberry, Apple)",2.756,7.087,9.055,0.5622
40910,Root Beer,3.346,3.346,12.598,4.6297
40914,Pillsbury Funfetti Frosting,3.598,3.598,4.252,0.975
40920,Tropical Fruit in 100% Juice,2.756,2.756,4.134,0.937
40960,Organic Original Coconut Non-Dairy Beverage,2.559,3.543,9.252,2.2046
40961,Fresh Salsa,6.299,6.299,2.165,1.0
40992,Chopped Tomatoes,2.874,2.874,4.37,0.8598
40997,Lemon Sparkling Mountain Spring Water,3.15,3.15,11.417,2.2046
41007,Toffee & Sea Salt Milk Chocolate Bar,0.787,2.953,5.906,0.0948
41053,Morning Fresh Fabric Softener,3.543,5.512,11.024,4.1888
41055,Organic Red Wine Vineger,2.559,2.559,9.843,1.6667
41065,Organic Yellow Squash,2.362,2.362,7.087,0.4321
41117,Coconut Almond Chocolate,3.543,4.134,6.693,1.0428
41155,Mega Stuffed Cookies,7.874,3.937,1.969,0.8378
41177,Sea Salt Roasted Seaweed,0.591,5.118,7.48,0.0331
41198,Classic Peanut Butter,3.0,3.0,4.902,1.0
41216,Premium Cod Fish Sticks,2.362,7.48,9.843,1.1244
41220,Organic Romaine Lettuce,3.15,7.087,11.811,1.3228
41242,Strawberry Lowfat Yogurt,4.134,4.134,5.906,2.0
41247,Salt-Free Organic Lemon Pepper Seasoning Blend,1.969,1.969,5.512,0.1874
41255,Spinach And Cheese Ravioli,9.055,6.299,1.969,1.25
41259,Poblano Pepper,5.906,2.756,2.756,0.2205
41273,Broccoli Florets,2.362,6.299,8.661,0.75
41276,Energy Drink,2.598,2.598,6.614,1.0538
41284,New Orleans Nitro Cold Brew Coffee,2.087,2.087,5.315,0.496
41290,Lemonade,3.15,3.15,10.236,3.4833
41319,Sea Salt Caramel Gelato,3.937,3.937,4.724,0.8818
41329,Carrot And Celery Sticks,4.016,5.984,2.008,0.5004
41332,Organic Recipe Granola,2.992,6.496,10.0,0.7496
41352,Pure Cane Golden Brown Sugar,7.874,3.15,11.811,1.9996
41357,Gh Party Favorite Jicama Sticks,6.693,4.724,2.362,0.7496
41400,Crunchy Oats 'n Honey Granola Bars,2.165,5.906,7.874,0.582
41414,Lemonade Fruit Bars,2.362,7.874,1.575,0.7496
41453,Eggo Buttermilk Pancakes,2.362,7.874,10.236,1.0009
41463,Cannellini Beans,6.102,4.134,2.677,0.9688
41480,Lentils,1.969,5.906,9.449,1.0009
41488,Chocolate Milk,5.118,2.559,0.709,0.2205
41570,Active Dry Yeast,1.969,2.756,4.528,0.25
41572,Donettes Mini Glazed Donuts,7.087,4.724,1.969,0.6239
41591,Vegetable Classics Lentil Soup,2.874,2.874,4.37,1.1596
41593,Blue Cheese Crumbles,5.118,3.937,1.969,0.3125
41596,Frozen Blueberries,8.268,6.299,1.969,0.75
41602,Deli Select Ultra Thin Honey Ham,7.087,5.118,1.575,0.5004
41618,Gluten Free Uncured Frozen Pepperoni Pizza,12.205,12.205,1.969,0.8818
41625,Organic Half Spring Mix,7.087,4.724,1.969,0.3131
41637,Gluten Free Panko Breadcrumbs,9.055,5.906,1.969,0.5004
41690,California Cauliflower,7.087,7.087,7.087,1.433
41694,Free & Clear Bleach,4.134,4.134,11.417,4.1888
41697,Eggless Scramble Breakfast Pockets,2.559,7.48,5.512,0.6261
41716,Jalapeno,3.15,1.181,1.181,0.0309
41745,Cooking Spray Coconut Oil,2.559,2.559,8.268,0.3748
41770,Dried Cherry Montmorency Tart,7.874,5.512,1.575,0.3131
41806,Organic Greek Whole Milk Blended Strawberry Yogurt,3.74,3.74,2.26,0.3312
41819,Classic Creme Cookies,2.201,6.5,7.5,0.75
41896,Lemon Zinger Herbal Tea,2.756,1.772,5.118,0.0926
41909,Bread & Butter Pickle Chips,2.953,2.953,6.102,1.5
41915,Reduced Fat Mozzarella Shredded Cheese,1.969,2.756,7.283,0.5004
41917,Roasted Salted Pistachios,2.756,1.969,9.055,1.0009
41950,Organic Tomato Cluster,3.937,7.874,5.906,1.4991
41960,"Organic Daikon Root, Bunch",2.165,4.724,11.811,1.4991
41971,Puff Pastry Shells,7.087,4.724,1.969,0.3748
42010,Artichoke Pesto,2.559,2.559,3.346,0.3748
42093,Yogurt Covered Pretzels,2.756,5.906,8.661,0.4375
42110,Organic Macaroni Shells & Real Aged Cheddar,2.165,5.906,7.48,0.3748
42112,Pre Sliced Garlic Bread Loaf,2.756,4.331,11.024,1.0009
42123,Sparkling Pineapple Coconut Probiotic Drink,2.559,5.118,8.661,0.7826
42182,"Rice Drink, Enriched, Chocolate",3.74,2.559,9.252,4.2549
42183,Super Antioxidant Green Tea,2.165,2.756,4.528,0.07
42205,Organic Sweet Potato Fries,2.756,7.874,11.024,1.4991
42214,Bandages,0.984,3.937,6.693,0.1874
42244,Total 2% All Natural Low Fat 2% Milkfat Greek Strained Yogurt,3.937,3.937,6.693,1.9996
42265,Organic Baby Carrots,2.362,5.512,8.661,1.0009
42282,Bag of Jumbo Yellow Onions,7.087,11.024,3.937,5.0001
42287,Organic Pumpkin Flax Granola,2.756,6.299,9.449,0.7496
42296,Organic Vanilla Cake Mix,1.969,5.512,7.48,0.9524
42315,Tomatillo,2.756,2.756,2.756,0.1984
42327,Free & Gentle Fabric Softener Dryer Sheets,1.969,5.118,7.48,0.5004
42342,Roasted Turkey Breast,6.299,4.724,1.575,0.5
42352,Swedish Meatballs,9.449,7.48,2.362,2.3125
42356,Strawberry Preserves,2.929,2.929,5.15,1.125
42360,Farmhouse Hearty White Bread,5.118,7.087,5.512,1.25
42372,Pineapple on the Bottom Greek Yogurt,3.74,3.74,2.26,0.3312
42421,Organic Ground Nutmeg,1.772,1.772,4.331,0.1169
42443,Whole Milk With Vitamin D,4.098,4.098,9.402,4.3211
42445,Organic Plain Whole Milk Yogurt,4.559,4.559,5.35,2.0
42447,100% Juice,2.953,3.346,11.417,4.299
42450,Macaroni & Cheese,2.559,5.315,7.283,0.4542
42497,Summer Strength Antiperspirant Deodorant,1.969,1.969,6.102,0.1609
42500,Orange & Lemon Flavor Variety Pack Sparkling Fruit Beverage,8.071,5.512,8.661,4.3651
42504,Original Seltzer Water,3.346,3.346,12.205,2.2046
42527,Organic Yellow Mustard Seed,1.772,1.772,3.346,0.0948
42534,Classic White Lunch Plate,9.055,9.055,0.984,0.9921
42536,Gluten Free Original Granola,2.756,7.087,11.024,0.6878
42557,Crunchy Almond Butter,3.15,3.543,4.724,1.0
42562,Low fat Chocolate Milk,2.559,2.559,8.071,2.0856
42585,Organic Extra Firm Tofu,2.15,4.949,5.85,0.875
42633,Red Delicious Apple,3.74,3.74,3.346,0.5335
42637,"Muffins, Flax, Wild Blueberry",7.874,5.512,3.543,0.7496
42677,Ultra Apple Blossom Antibacterial Dish Liquid,11.201,4.5,2.701,2.4692
42697,Real Sweet Potato Vegetable Chips,3.15,5.512,9.449,0.3131
42701,Organic Sour Cream,2.559,4.921,2.559,1.0009
42719,Natural Premium Coconut Water,3.15,2.756,9.843,2.1826
42736,Unsalted Butter,4.724,2.362,1.575,1.0
42768,Organic Garbanzo Beans,2.953,2.953,4.331,0.9375
42777,Chicken with Almonds,7.48,5.906,1.772,0.6239
42791,Minis to Go Natural Spring Water,13.386,10.236,8.661,12.5002
42828,Whipped Cream Cheese,2.953,2.953,3.346,0.75
42834,Organic Mini Peeled Carrots,2.362,5.709,8.071,1.0009
42938,Vanilla Caramel Swirl Gelato,5.118,5.118,5.906,1.0428
43014,Sliced Baby Bella Mushrooms,5.906,4.331,1.969,0.5
43076,Wide Egg Noodles,6.098,9.902,2.0,0.75
43153,Orange Cauliflower Head,7.087,7.087,6.299,1.433
43154,Sparkling Mineral Water,3.346,3.346,10.63,2.2377
43158,"Potato Chips, Lightly Salted",7.48,5.512,2.362,0.1719
43183,Deli Fresh Shaved Smoked Turkey Breast,5.906,4.331,1.575,0.5622
43192,Dark with 70% Cacao Content Organic Chocolate Bar,5.906,3.15,0.472,0.2205
43205,Low Sodium Black Beans,3.0,3.0,4.441,0.9688
43210,Rolled Oats,9.449,6.299,3.15,1.1244
43218,Pure Kosher Dills,3.15,3.15,5.906,1.4991
43252,Italian Style Chicken Meatballs with Mozarella Cheese,2.559,9.449,7.48,1.0009
43262,Original Sauce,2.299,2.299,8.701,0.9375
43263,Crunchy Oats N' Honey Granola Bars,2.165,6.496,8.268,0.463
43279,Non-Fat Greek Yogurt With Strawberries on the Bottom,2.953,2.953,2.362,0.3307
43280,Whole Grain Baked Snack Crackers,2.756,7.874,1.969,0.5622
43295,Unsweetened Vanilla Almond Milk,3.543,2.362,9.055,4.2108
43300,Chipotle Ranch Dressing & Dip,2.559,3.346,7.087,1.0428
43310,Organic Almond Butter With Carob Macrobar,0.984,2.362,5.709,0.1257
43351,Strawberry Peach Still Artesian Water,2.559,2.559,8.465,1.1023
43352,Raspberries,4.921,3.74,1.772,0.3748
43371,Crushed Red Pepper,1.575,1.575,4.134,0.125
43379,Watercress Package,7.874,5.512,1.969,0.2491
43389,"Vanilla, Chocolate, Strawberry Ice Cream",7.874,6.496,4.528,2.9983
43394,Organic Lactose Free Whole Milk,2.953,3.74,9.449,4.1667
43406,Roasted Seaweed Snacks,11.811,7.874,5.906,2.1875
43409,Frosted Mini-Wheats Original Cereal,3.15,7.874,11.811,1.1244
43421,"Little Yums Spinach, Apple, and Kale Teething Wafers",5.512,3.15,8.268,0.0926
43450,Living Drip-Catch Cuff Gloves,2.756,5.906,10.236,0.3968
43459,Puffs Cheese Flavored Snacks,3.937,7.087,11.811,0.4365
43463,Tall Kitchen Trash Bags with Flap Closure 13 gallon,3.15,5.906,9.449,0.5732
43465,Wild Alaskan Sockeye Smoked Salmon,1.378,5.906,7.874,0.25
43484,Farmhouse Culture Classic Caraway Kraut,3.937,3.937,5.512,1.4991
43488,Cheese Pizza Rolls,2.362,7.874,6.299,1.25
43504,Organic Chicken Strips,2.362,9.055,11.811,1.5631
43509,Ultra Thin Roast Beef,1.969,6.102,7.48,0.5004
43511,Sunrise Grilled Steak and Eggs Canine Cuisine Wet Dog Food,2.953,4.134,1.496,0.8157
43545,Organic Coconut Yogurt,2.953,2.953,2.756,0.3748
43552,The Original,2.756,7.48,11.811,0.7496
43607,Rainbow Mix Decorating Decors,1.378,2.756,4.724,0.1874
43621,Chik'n Patties,2.165,7.48,6.299,0.6239
43631,Diet Coke,2.598,2.598,4.803,0.7826
43632,GoGurt Strawberry and Blueberry Tubes,1.969,5.709,8.268,1.2346
43643,Organic Strawana Probugs Kefir,2.953,2.953,2.362,0.3748
43654,Whole Milk Greek Blended Vanilla Bean Yogurt,3.74,3.74,2.26,0.3312
43662,"Yogurt, Strained Low-Fat, Coconut",3.15,3.15,2.362,0.3307
43673,Organic Tellicherry Black Peppercorns,1.772,1.772,3.937,0.1565
43692,Shredded Mozzarella Cheese,2.559,6.299,7.874,0.5
43693,Whole Vitamin D Milk,4.098,4.098,9.402,4.299
43713,Organic Creamy Peanut Butter,3.201,3.201,4.909,1.0
43742,White Kidney Reduced Sodium Cannellini Beans,2.677,2.677,4.331,0.9678
43744,Medium Roast Ground Coffee,3.15,7.087,9.843,2.0393
43749,Organic Ice Cream Vanilla Bean,6.299,3.937,6.496,2.9983
43768,Organic Bell Pepper,2.953,2.953,3.937,0.3263
43772,Cherubs Heavenly Salad Tomatoes,3.937,6.299,2.362,1.0009
43789,Organic Basil,1.575,3.937,5.906,0.0309
43791,Sliced Pineapple in Juice,2.559,4.134,4.528,1.25
43802,Organic Sweet Apple Chicken Sausage,1.969,5.512,9.055,0.7496
43812,French Vanilla Powder Coffee Creamer,3.937,3.937,5.906,0.937
43815,Amazin Prune Juice,2.756,2.756,9.843,4.1733
43821,1 Apple + 1 Mango Fruit Bar,0.984,2.953,5.906,0.0882
43832,Ultimate Flora Extra Care Daily Probiotic,1.969,1.969,3.543,0.0551
43858,Original Coconut Milk Beverage,2.756,2.756,9.252,2.0856
43908,Butternut Squash Ravioli,7.874,5.512,1.575,0.5625
43920,Organic Powdered Sugar,2.756,1.575,8.661,1.0
43954,Complete with Dawn Citrus Breeze Scent Gel Dishwasher Detergent,3.937,3.543,10.63,5.0001
43955,White Cooking Wine,2.953,2.953,11.417,1.6535
43957,Peanut Butter Chocolate Pretzel Gelato,3.937,3.937,6.299,0.5732
43961,Organic Peeled Whole Baby Carrots,2.362,5.512,7.874,1.0009
43967,Raspberry Lemonade,2.756,2.756,9.449,2.2708
43988,Plain Low Fat Australian Style Yogurt,3.937,3.937,3.15,1.9996
44008,Organic Greek Whole Milk Blended Vanilla Bean Yogurt,3.74,3.74,2.26,0.3312
44100,Drumstick Variety Pack Frozen Dairy Dessert Cones,4.724,7.874,9.449,1.1244
44142,Red Onion,3.15,3.15,2.953,0.3263
44156,Strawberry on the Bottom Nonfat Greek Yogurt,3.74,3.74,2.26,0.3312
44187,Protein Caramel Nut Chewy Bars,1.969,5.512,7.874,0.3968
44233,Multi Grain Crispbread,2.165,7.48,10.236,0.496
44234,Squeeze Tomato Ketchup,2.165,2.953,9.449,1.25
44268,Porcini Mushroom Tortellini,1.772,6.102,8.268,0.5622
44292,Premium Unsweetened Iced Tea,3.346,6.496,10.827,8.598
44303,Organic Shredded Unsweetened Coconut,6.693,5.118,2.362,0.625
44310,Soft Pretzel Mini Buns,3.937,7.087,3.15,0.5622
44340,Healthy Greens,2.559,2.559,8.661,1.0428
44359,Organic Small Bunch Celery,3.937,7.087,11.811,0.7496
44422,Organic Old Fashioned Rolled Oats,3.15,5.906,9.843,2.0
44436,Clementina Sparkling Clementine Beverage,2.559,2.559,8.858,0.7826
44449,Organic Tomato Sauce,2.756,2.756,4.724,0.9375
44461,Cling Wrap Clear Food Wrap,3.15,3.15,12.205,0.7496
44471,Free & Clear Unscented Baby Wipes,3.543,7.087,9.449,1.0009
44475,Honey Bunches of Oats Honey Roasted with Almonds Cereal,2.52,7.52,11.26,1.1244
44533,"French Baguettes, Take & Bake, Twin Pack",9.449,6.299,2.756,1.1023
44548,Barbecue Potato Chips,8.661,5.906,2.756,0.2315
44553,3 in 1 Cedar & Citrus Soap For Every Man,2.756,2.756,3.937,0.7496
44560,Kids Organic Chocolate Chip ZBars,2.362,5.906,7.874,0.5622
44570,Kale Greens,4.724,7.874,11.811,1.0009
44626,Ground Allspice,1.969,1.969,4.331,0.125
44628,Organic Dijon Mustard,2.756,2.756,5.512,0.75
44632,Sparkling Water Grapefruit,10.63,7.874,5.512,9.3696
44643,Gallon Freezer Bags,2.559,4.921,9.449,0.5291
44661,Bicolor Sweet Corn,7.087,2.165,2.165,0.2425
44683,Brussels Sprouts,9.449,6.299,3.15,1.0009
44688,Fresh Awake Energizing Scent Body& Face Wash,9.055,3.15,1.969,1.1729
44698,Wild Alaska Pink Salmon,4.252,4.252,1.693,0.9215
44761,Salsa Verde,2.756,3.15,5.906,1.0
44765,Colby Cheese Sticks,1.969,5.512,7.48,0.3748
44867,Soft & Chewy Candy,7.087,5.118,1.969,0.3125
44893,Red,3.15,3.15,11.811,1.5873
44910,Organic Spring Mix Salad,2.0,8.0,10.0,0.3125
44912,Baking Powder,2.756,2.756,5.512,0.5071
44925,Natural Provolone Cheese Slices,3.15,7.874,5.906,0.7496
44944,Counter Domestic Parmesan Wedge,1.969,3.937,3.15,0.5004
44980,The Original Multi Grain Bread,5.906,5.118,6.299,1.2478
44987,Heavy Whipping Cream,3.937,3.937,9.449,3.0
45005,Sourdough Deli Bread,5.906,5.118,6.299,1.2478
45007,Organic Zucchini,7.874,2.362,2.362,0.4321
45014,Rotelle No 54,2.362,4.331,7.48,1.0009
45019,Organic White Hot Dog Buns,5.512,5.512,7.087,0.7496
45054,Combination Party Pizza,12.205,12.205,1.969,1.4991
45061,Natural Vanilla Ice Cream,6.299,6.299,5.906,2.9101
45064,Honey Wheat Bread,5.118,5.118,11.024,1.25
45066,Honeycrisp Apple,3.543,3.543,3.543,0.5335
45073,Sliced Portabella Mushrooms,1.969,5.118,7.087,0.5004
45099,Steak Fries Thick-Cut French Fried Potatoes,9.449,7.48,2.165,1.75
45104,ALMONDBREEZE UNSWEETENED,2.559,3.74,8.465,4.1888
45106,Low Fat Strawberry Yogurt Tubes,7.874,5.512,1.969,1.0009
45123,Organic 21 Grain Thin Sliced Bread,4.724,5.512,10.63,1.4991
45125,Boil-In-Bag Whole Grain Brown Rice,2.756,5.512,8.268,0.875
45143,Organic Fillo Dough,1.969,9.055,12.205,1.0009
45185,Whips! Chocolate Yogurt Mousse,7.874,5.906,2.756,1.0009
45194,Unsalted Sweet Cream Butter,2.953,4.528,2.362,1.0
45217,Pizza for One Original 4 Cheese Frozen Pizza,1.496,9.055,11.811,0.7496
45221,Indian Mattar Paneer,1.969,5.512,7.48,0.6239
45224,Fior Di Latte Mozzarella,2.756,4.331,2.362,0.2756
45232,Plantains,7.874,3.15,3.15,0.3968
45260,Organic Virgin Coconut Oil,3.937,3.937,4.724,1.0009
45290,Thin Spaghetti Pasta,1.402,10.661,2.72,1.0
45302,Mini Falafel With Tahini Sauce,5.906,5.906,2.362,0.5004
45437,Sea Salt Made With Organic Grain Rice Chips,3.15,7.874,11.811,0.3131
45443,Flip Chocolate Haze Craze Low-Fat Greek Yogurt,3.15,4.331,2.362,0.2822
45445,Organic Bagged Mini Dark Peanut Butter,1.969,5.512,7.874,0.3131
45448,Peanut Butter Protein Replenishment Macrobar,0.787,1.969,5.906,0.1499
45478,Vanilla With Caramel Low Fat Ice Cream Cone,1.969,5.906,7.874,1.1244
45488,Classic Hot Dog Buns,3.15,7.087,9.449,0.7496
45504,Whole Organic Omega 3 Milk,3.74,6.496,9.646,4.299
45511,Extra Beer Bottles,6.299,4.331,9.449,4.6826
45535,Organic Low Sodium Chicken Broth,2.299,3.701,8.201,2.1495
45541,The Tonight Dough™ Ice Cream,4.016,4.016,5.984,1.0428
45566,Clean Up Cleaner with Bleach Fresh Scent,4.016,2.795,10.984,2.0856
45570,Organic Greek Plain Nonfat Yogurt,3.74,3.74,2.26,0.3312
45578,Dark Sweet Cherries,2.362,5.906,8.661,1.0
45603,Trilogy Kombucha Drink,2.559,2.559,9.449,1.0428
45613,Pad Thai,1.772,7.087,9.055,0.6875
45633,Organic Beef Hot Dogs,2.362,5.906,1.969,1.0009
45646,Grated Parmesan Cheese,2.902,2.902,5.941,0.5
45693,Blueberry Pecan Mix Granola,2.756,7.087,9.843,0.7496
45698,One Ply Choose A Size Big Roll Paper Towel Rolls,7.48,7.48,4.528,1.9842
45753,Creamy Classic Vanilla Frosting,3.15,5.118,3.15,0.9987
45763,Mini Seedless Cucumbers,7.874,5.906,2.362,1.0009
45774,Organic Sweet Greens and Ginger Juice Blend,2.756,2.756,8.661,1.0736
45788,Garlic Lovers Hommus,7.087,5.512,2.362,1.0
45807,"Tea, Radiant Raspberry",2.756,1.575,5.512,0.0882
45819,Nacho Sliced Jalapenos,2.756,2.756,4.724,0.75
45840,100% Pure Apple Juice,2.756,2.756,9.252,2.0856
45854,Garbanzos Chick Peas,2.598,2.598,4.409,0.9375
45866,Fig Newmans Fruit Filled Cookies,2.362,5.709,8.268,0.5622
45936,Organic White Onion,3.15,3.15,3.15,0.3263
45948,Gluten Free 7 Grain Bread,2.756,5.512,7.677,1.125
45961,Reduced Fat Medium Cheddar Cheese,1.575,5.906,3.937,0.5004
46025,Pineapple Slices in 100% Pineapple Juice,3.15,3.15,4.528,1.25
46061,Popcorn,8.268,5.512,1.969,0.5004
46069,Supergreens!,7.087,5.512,2.756,0.3131
46106,Organic Sriracha Hummus,3.543,5.512,1.772,0.6239
46138,Cookies & Cream Ice Cream,6.299,6.299,7.087,2.9983
46147,Organic Tomato Ketchup,2.756,2.756,9.449,1.25
46149,Zero Calorie Cola,3.937,3.937,12.205,4.3651
46175,Half Baked® Ice Cream,6.496,3.937,3.937,1.0428
46206,Red Grapefruit,4.921,4.921,4.921,0.679
46226,Thick & Crispy Tortilla Chips,3.937,7.087,11.024,0.5622
46260,"Tortilla Chips, Mexican Kitchen Style, Salted",3.937,7.874,11.811,0.6239
46268,Egg Roll Wrappers,1.378,5.906,9.055,0.7496
46280,Light & Fit Greek Blueberry Greek Yogurt,2.953,2.953,2.362,0.3307
46282,Chicken tenderloins in a tangy sweet & sour sauce with rice Sweet & Sour Chicken,1.969,7.48,5.512,0.8818
46293,Organic Thai Hom Mali Jasmine Brown Rice,3.15,7.874,11.811,5.0001
46303,Gluten Free Rice Crust Pizza With Cheese,1.575,11.024,11.024,0.6239
46313,Baby Swiss Slices Cheese,7.087,5.118,1.575,0.5
46332,Value Pack Breast Nuggets,11.024,7.874,2.362,1.9996
46341,Spa Cuisine Butternut Squash Ravioli,7.874,5.906,1.575,0.6239
46346,Sweet Potato Fries with Sea Salt,11.024,7.48,2.362,1.25
46347,100% Whole Wheat,4.921,4.331,8.268,1.5
46361,Tortilla Triangles Restaurant Style Chips,3.937,7.087,11.811,0.5622
46363,Red Papaya,8.661,5.906,5.118,1.1023
46364,Dryer Sheet Free & Gentle Fabric Softener,4.724,3.15,10.236,0.9921
46381,Tricolor Pearl Couscous,2.559,3.346,7.087,1.0009
46394,Fancy Whole Artichoke Hearts,2.953,2.953,4.331,0.8752
46431,Egg & Onion Matzos,2.756,8.268,11.024,1.0009
46473,Pure Vanilla Extract,0.909,1.78,3.882,0.0617
46485,Natural Lemon Flavor Sparkling Mineral Water,3.15,3.15,12.992,2.2046
46516,Sesame Bagels,9.055,6.299,3.937,0.875
46522,Spaghetti Pasta,1.402,10.748,2.85,1.0
46565,Gluten Free White Cheddar Rice Thin Crackers,2.756,7.48,9.843,0.3748
46569,Lower Sodium Garden Vegetable Soup,2.559,2.953,4.331,0.9061
46572,Sweet Rolls,3.543,7.087,3.937,1.0
46584,YoKids Blueberry & Strawberry/Vanilla Yogurt,2.756,6.496,7.677,1.0009
46616,Organic Dark Chocolate Peanut Butter Cups,6.299,3.937,1.181,0.3748
46618,Sliced Brown Portabello Mushrooms,7.48,5.118,1.969,0.5004
46667,Organic Ginger Root,4.724,2.756,1.575,0.3748
46670,Vegenaise Soy-Free,3.346,3.346,7.087,1.5631
46673,Ultra Original Scent Dishwashing Liquid,11.201,4.5,2.701,2.4692
46676,Total 0% Nonfat Greek Yogurt,3.937,3.937,6.299,1.9996
46706,Goober Grape Peanut Butter and Jelly Spread,3.15,3.543,6.693,1.1244
46708,Butter Spreadable with Canola Oil Tub,3.937,5.906,2.756,1.0009
46709,Gluten Free Old Fashioned Rolled Oats,7.874,3.543,11.024,1.1244
46720,Organic Free Range Chicken Broth,2.5,3.902,8.15,2.1341
46724,Honey Vanilla Chamomile Caffeine-Free Herbal Tea,2.953,2.559,5.118,0.0816
46738,Microwave in Bag Green Beans,7.087,5.512,1.575,0.7496
46747,Dill & Sour Cream Plentils,7.874,5.512,1.969,0.2183
46752,Platinum Wide Mouth Pint Jars,6.693,6.693,7.087,3.9683
46804,Baking Soda,5.118,2.756,7.087,1.0
46820,Vanilla Pure Almond Milk,2.756,2.756,9.252,4.2329
46822,Ice,3.15,12.598,9.843,6.9997
46823,The Ultimate Beefless Burger,7.874,5.906,1.969,0.7496
46842,Plain Pre-Sliced Bagels,7.874,7.874,3.937,1.0009
46844,Simple Favorites Lasagna with Meat Sauce,7.48,1.969,5.512,0.657
46886,Raspberry Yoghurt,2.953,2.953,2.362,0.3748
46902,Organic Kale Krunch Superfood,2.362,7.087,10.236,0.1367
46906,Grape White/Green Seedless,4.724,7.087,3.15,1.9996
46941,Provolone Slices,1.098,5.35,8.65,0.5
46942,Activated Charcoal,2.008,2.008,4.016,0.2205
46962,Organic Ground Cumin,1.496,2.165,4.921,0.1124
46969,Organic Bosc Pear,2.953,2.953,4.528,0.366
46979,Asparagus,3.937,7.087,11.024,1.0009
47006,Steak Sauce,2.756,2.756,9.843,0.625
47011,Organic Ginger Limeade Fruit Juice Drink,2.756,2.756,10.63,3.3951
47018,100% Premium Select Not From Concentrate Pure Prune Juice,3.543,3.543,11.024,4.4269
47024,Poppycock Cashew Lovers,7.087,4.724,2.756,0.5004
47042,Organic Red On the Vine Tomato,2.953,2.953,3.346,0.3968
47087,Total 0% Blueberry Acai Greek Yogurt,2.756,2.756,2.362,0.3748
47107,4% Milkfat Small Curd Grade A Pasteurized Cottage Cheese,3.15,5.709,2.953,1.0009
47117,Sweet Chilli Sauce,2.362,2.559,7.874,0.9392
47141,Cola,3.346,3.346,12.402,4.5856
47144,Unsweetened Original Almond Breeze Almond Milk,2.953,3.74,8.071,4.1888
47147,Gluten Free Chicken Puttanesca,7.48,5.512,1.575,0.7496
47156,Coconut Almond Unsweetened Creamer Blend,2.756,3.937,7.874,2.0944
47163,Caramel Macchiato Gourmet Coffee Creamer,3.15,3.937,9.449,2.0944
47185,Spreadable Butter with Canola Oil,3.346,4.528,2.756,0.9375
47187,ProteinPLUS Multigrain Angel Hair Pasta,1.969,3.346,11.811,1.0009
47189,Black Currant Fruit Spread,2.559,2.953,4.528,0.7496
47209,Organic Hass Avocado,3.937,2.953,2.953,0.3307
47211,Kettle Cooked Potato Chips Original,9.055,7.087,2.756,0.4982
47280,California Orange Juice,3.15,3.15,9.449,4.1667
47298,Classic Caesar Dressing,2.362,2.362,8.661,1.0428
47324,8 Sesame Seed Hamburger Buns,9.055,7.087,5.906,1.0009
47357,Original Restaurant Style Tortilla Chips,3.937,7.874,12.205,0.6239
47366,Raisin Bran Crunch Cereal,2.598,7.748,11.449,1.1375
47388,Organic Plain Kefir,3.15,3.15,9.843,2.0459
47397,Eggplant Parmesan,12.205,9.055,2.362,4.25
47409,Original Red Raspberry Yogurt,5.906,5.906,3.937,1.9996
47439,S'mores Chocolate Ice Cream,4.016,4.016,6.26,1.1023
47463,Country White Sourdough Petite Loaf,7.087,3.937,3.937,0.7496
47482,Ice Cream Variety Pack,3.15,7.874,6.299,2.5
47492,Organic Berry Blend,1.969,7.087,9.449,0.75
47500,Coarse Sea Salt,2.362,3.937,9.055,1.625
47541,Crushed Ginger,1.575,5.906,7.874,0.5004
47553,Sugarfree Peppermint Chewing Gum,0.787,2.756,3.937,0.0772
47559,Organic Instant Regular Oatmeal,2.756,5.512,7.48,0.7496
47586,"Limited Edition Entree, Chicken Tiki Masala",1.772,5.512,7.48,0.6239
47601,Unsalted Cultured Butter,3.15,4.724,2.165,0.5512
47610,"Pretzel Sticks, Gluten Free",2.756,7.087,10.236,0.5
47625,Fat Free French Vanilla Coffee Creamer,3.15,2.559,9.449,2.1076
47626,Large Lemon,3.15,2.953,2.953,0.3086
47630,Medium Navel Orange,2.953,2.953,2.953,0.2866
47631,Original Vegetable Oil Spread,3.937,2.756,2.165,0.937
47672,Uncured Hickory Smoked Sunday Bacon,8.661,5.512,1.575,0.7496
47717,Peanut Butter Cookie,1.181,2.756,3.937,0.125
47734,Organic Green Cabbage,5.906,5.906,5.906,2.2223
47737,Lorna Doone 0.74 oz Shortbread Cookie Crisps,3.937,2.756,0.787,0.0463
47747,Casero Queso Fresco Cheese,3.937,3.937,1.969,0.4982
47759,Mandarin Oranges,7.087,5.118,3.15,1.9996
47761,EnviroKidz Brown Sugar Maple Oatmeal,2.756,6.299,8.661,0.7496
47766,Organic Avocado,3.937,3.937,3.15,0.3307
47783,Apple & Cherry Fruit Bar,0.787,5.512,7.48,0.3307
47792,Organic Beans & Rice Cheddar Cheese Burrito,1.969,5.906,7.874,0.3748
47865,Quart Storage Bags,3.346,2.165,9.449,0.2425
47866,Jalapeno Potato Chips,9.449,7.087,3.15,0.8125
47877,Coke Zero,2.638,2.638,9.646,1.3007
47882,Bread & Butter Chips,3.346,3.346,4.921,1.0009
47888,Apple and Carrot Stage 2 Baby Food,2.165,2.165,4.134,0.2491
47890,Whole White Mushrooms,6.299,4.724,1.969,0.5
47911,Thai Peanut Asian Noodle Cup,3.543,3.543,4.331,0.1411
47912,Vanilla Skyr Style Yogurt,2.598,2.598,3.5,0.375
47931,Diet Cola,3.346,3.346,12.205,4.5415
47943,Unsweetened Terere Yerba Mate,2.756,5.512,9.449,1.0009
48034,Peppered Turkey Jerky,1.969,6.299,9.449,0.2028
48057,"Hummus, Hope, Original Recipe",6.102,6.102,2.165,0.5004
48094,Crushed Tomatoes With Basil,2.953,2.953,4.528,0.9375
48099,Truffle Parmesan Macaroni & Cheese Bowl,3.543,3.543,2.362,0.5622
48104,Organic Lite Coconut Milk,2.756,2.756,4.724,0.8818
48109,"Tortilla Chips, Clasico, Jalapeno Lime",3.937,7.874,11.811,0.5622
48112,Organic Whole Wheat Flour,3.15,5.512,9.843,4.9824
48119,Old-Fashioned Sweet Bread & Butter Chips,2.953,2.953,4.724,1.4991
48135,Organic Mountain Forest Honey Light Amber,2.953,2.953,4.528,0.7496
48171,Shredded Hash Browns,3.543,2.756,9.055,1.0
48179,Sweet and Tangy Barbecue Wings,7.874,2.362,5.906,1.0009
48183,Flour Tortillas,9.843,7.874,3.15,1.25
48186,Lactose Free Half & Half,3.543,2.756,7.874,2.0856
48199,Buffalo Wings,7.087,5.906,1.969,0.5004
48205,Spinach,2.362,6.693,10.63,0.3131
48220,Almond Milk Peach Yogurt,2.953,2.953,2.362,0.3307
48320,"PODS Laundry Detergent, Original Designed for Regular and HE Washers Laundry",3.937,7.874,9.843,1.3228
48335,Chocolate Brownie Energy Bar,2.362,5.906,8.661,0.75
48364,Sweet Onion,3.937,3.937,3.15,0.3263
48366,Everyday  Facial Tissues,4.724,9.055,3.937,0.5512
48395,Original Rice Pilaf Mix,1.969,5.118,7.087,0.5004
48450,Organic Brown Rice Pasta Spirals,2.165,4.921,7.48,0.7496
48453,"Water, Unsweet, Crisp Apple",2.559,2.559,11.024,2.2046
48454,Manwich Original Sloppy Joe Sauce,2.756,2.756,4.331,0.937
48554,Gochujang Fermented Sesame Chile Paste,2.756,3.543,5.512,1.1023
48559,Synergy Organic Kombucha Gingerberry,2.559,2.559,9.449,1.0428
48595,Organic Wheat Square Crackers,2.362,7.48,9.449,0.5
48637,"Green Supreme Apple, Kale & Lemon Cold Pressured Fruit & Vegetable Juice",2.559,2.559,7.48,1.0428
48642,2-Ply Right Size 100% Recycled Paper Towels,4.724,9.449,10.63,2.4251
48645,Unsweetened Coconutmilk,2.559,2.559,4.724,0.8885
48647,Mini Chocolate Croissant,3.937,2.362,1.969,0.1257
48655,Cheddar Cheese Pretzels Pieces,2.362,5.906,9.055,0.5004
48657,Asian Salad Kit,2.756,9.449,7.087,0.7496
48679,Organic Garnet Sweet Potato (Yam),5.0,2.0,2.0,0.2866
48697,Canola Oil,1.969,1.969,7.087,0.3748
48733,Homogenized Milk,3.74,3.74,9.449,2.0856
48736,Ricotta And Spinach Tondi,1.969,5.906,9.449,0.7496
48745,Globe Eggplant,5.906,5.906,8.661,0.9921
48775,Organic Red Cabbage,7.087,7.087,7.087,1.9842
48802,Organic Whole Wheat Fusilli Pasta,3.937,3.937,4.724,1.0
48808,Hazelnut Coffee Sugar Free CoffeeCreamer,3.15,3.937,9.449,2.1275
48812,Variety Pack,11.811,7.874,5.906,1.9842
48866,Certified Gluten-Free Chipotle Hommus,4.724,4.724,2.165,0.6239
48925,Peppered Deli Slices,6.693,4.724,1.575,0.5004
48974,Organic Asian Sesame Dressing,2.362,2.362,9.055,0.8223
48976,Beet Juice,3.15,3.15,10.63,2.1693
48988,Unsweetened Premium Iced Tea,5.118,5.118,11.811,8.598
49030,Glacier Freeze Frost,2.756,2.756,9.449,1.3228
49072,Lemon Verbena Laundry Detergent,5.118,7.087,11.811,6.8453
49075,Organic Brown Rice,2.756,7.48,11.024,2.0
49086,"Coconut Bliss Frozen Dessert, Dark Chocolate",3.937,3.937,4.724,1.1023
49098,Golden Sweet Potato,7.874,3.15,3.15,0.9921
49111,Original Instant Oatmeal,2.165,7.48,9.449,0.75
49112,Lowfat Vanilla Milk,3.543,3.74,9.252,2.0944
49113,Tall Kitchen Drawstring Bags,1.969,7.48,9.843,0.948
49119,Organic Colombia Fair Trade Whole Bean Coffee,3.15,5.118,8.268,0.7496
49139,Salsa Con Queso Medium,2.953,2.953,4.134,0.9375
49141,Gluten Free Rice Chex,2.5,7.65,11.85,0.75
49171,Organic Berry Berry Granola Bars,2.362,7.087,9.055,0.5622
49175,Organic Pinto Beans,2.362,2.756,4.528,0.9375
49185,Enriched Vanilla Rice Drink,3.15,3.15,9.055,2.0856
49191,Cran Raspberry Sparkling Water,2.598,7.795,5.236,6.2589
49198,Zero Soda,2.598,2.598,4.803,0.7826
49215,Kids Sensible Foods Broccoli Littles,1.181,3.937,6.299,0.0926
49235,Organic Half & Half,2.756,3.937,9.252,2.1275
49236,80% Lean Ground Beef,7.087,5.512,1.575,1.0
49241,Organic Original Hot Oatmeal,3.15,2.165,7.874,1.0009
49247,Coconut Yoghurt,3.15,3.15,2.362,0.3307
49264,Organic Earl Grey Noir Tea Bags 20 Count,0.984,3.346,5.709,0.0882
49269,13 Gallon Drawstring Tall Kitchen Bags,2.362,5.512,9.449,0.7496
49306,Original Mountain Blueberry Low Fat Yogurt,2.165,2.953,2.953,0.3748
49325,Gluten Free Pizza Three Cheese,1.378,12.598,12.598,0.873
49340,Sweet & Spicy BBQ Multigrain Chips,3.15,7.874,11.811,0.5622
49354,Big Slice Colby Jack Cheese Slices,1.496,5.512,7.874,0.7496
49383,Organic Bunch Beets,4.724,7.087,11.024,0.9921
49401,"Chicken Base, Organic",2.756,2.756,3.543,1.0009
49416,Organic Gluten Free Non-Dairy Beans & Rice Burrito,1.575,5.118,7.087,0.3748
49417,Organic Ground Cinnamon,2.756,1.772,4.921,0.1187
49424,Cereal Honey Bears,2.559,6.102,9.449,0.7496
49441,Slider Stand & Fill Storage Gallon Bags,2.165,5.315,9.449,0.4189
49481,Original Barbecue Sauce,1.799,3.598,7.299,1.1244
49496,Puffs Simply White Cheddar Cheese Flavored Snacks,3.937,7.48,10.63,0.3417
49518,Thai Green Curry,7.48,5.512,1.772,0.625
49533,Cane Sugar,3.15,6.299,9.449,2.0
49543,Chocolate Cheerios Cereal,2.756,7.48,11.024,0.7033
49598,Hot Cocoa Mix With Marshmallows Envelopes,2.756,4.921,6.102,0.5004
49615,Cran-Apple Juice Drink,3.543,3.543,10.63,4.1667
49621,Challah Bread,11.024,5.118,4.724,1.0
49628,Yoghurt Blueberry,3.15,3.15,2.362,0.3748
49683,Cucumber Kirby,7.874,1.969,1.969,0.5512
